climate station,lat,long,crop,avg sowing doy,# values sowing,avg harvest doy,# values harvest,earliest sowing doy,latest sowing doy,earliest harvest doy,latest harvest doy
140,52.6861,11.4272,SBee,86,15,299,15,59,99,279,320
183,54.6792,13.4343,SBee,88,11,286,12,77,98,263,317
640,50.8685,12.7237,SBee,86,6,294,6,77,102,277,314
662,52.2914,10.4465,SBee,84,16,281,16,72,99,260,295
822,51.2066,14.2371,SBee,88,8,279,9,80,101,257,293
1133,52.1014,11.2322,SBee,83,16,290,16,59,98,253,322
1532,53.6865,11.0608,SBee,83,16,280,16,66,99,257,305
1612,50.8813,12.1289,SBee,89,9,283,10,65,110,269,312
1684,51.1622,14.9506,SBee,93,6,289,5,78,104,283,294
1691,51.5003,9.9506,SBee,85,7,288,8,66,102,262,310
1957,51.5138,11.9499,SBee,83,6,269,7,79,92,256,288
2468,50.9352,12.6206,SBee,92,11,278,10,83,104,264,295
2514,54.6667,9.9333,SBee,89,7,290,7,69,111,271,309
2561,49.7167,8.1167,SBee,68,8,266,8,60,80,257,275
2667,50.8646,7.1575,SBee,81,5,274,5,62,99,251,296
2878,51.391,11.8788,SBee,81,5,282,5,75,87,280,285
2928,51.3151,12.4462,SBee,93,3,271,4,90,98,250,289
3126,52.1029,11.5827,SBee,89,16,277,16,67,109,260,293
3196,53.3223,11.9319,SBee,86,3,286,3,73,96,268,319
3302,51.0418,11.0062,SBee,78,5,272,5,69,88,266,279
3314,52.1458,11.9563,SBee,79,15,273,16,63,100,253,319
3478,53.5468,13.1914,SBee,83,4,270,4,80,87,268,275
3637,51.5158,10.7739,SBee,94,7,287,6,79,112,258,298
3684,51.2873,11.0183,SBee,77,16,285,16,67,93,260,314
3761,49.207,9.5175,SBee,82,6,283,6,64,103,268,302
3811,51.296,13.0928,SBee,88,6,271,5,76,104,261,276
4466,54.5275,9.5487,SBee,84,8,293,9,71,114,275,310
4642,52.8911,11.7297,SBee,86,8,289,7,71,130,269,308
5142,53.7444,14.0697,SBee,82,5,274,5,77,86,270,280
5404,48.4025,11.6946,SBee,79,8,288,8,65,90,269,302
5750,51.0314,12.1495,SBee,80,8,266,8,74,96,258,278
7504,54.3167,10.05,SBee,87,4,285,4,77,98,269,309
7559,54.75,9.9,SBee,78,5,290,5,69,90,279,303
7564,54.7167,9.95,SBee,90,8,288,8,72,102,266,319
7566,54.75,9.5167,SBee,81,16,279,16,57,102,259,302
7592,53.4833,10.6333,SBee,86,16,278,14,59,103,259,298
7601,53.6167,10.7,SBee,81,15,285,9,55,103,261,308
7604,53.7,10.7833,SBee,72,4,284,8,58,85,265,306
7605,53.75,10.6167,SBee,96,3,285,3,87,103,283,289
7608,53.5,10.4833,SBee,80,13,282,12,59,113,271,305
7616,54.6167,8.9667,SBee,81,14,286,14,69,106,264,305
7640,54.4333,11.2,SBee,79,4,271,4,71,86,263,274
7646,54.25,10.8333,SBee,83,16,282,16,63,101,265,290
7650,54.1,10.8167,SBee,86,9,286,9,74,100,262,296
7676,54.1167,10.4833,SBee,83,14,295,14,61,104,275,310
7682,54.3167,10.5,SBee,84,5,290,5,65,98,268,305
7684,54.3567,10.182,SBee,76,5,273,5,65,90,264,291
7700,54.1667,10.05,SBee,79,10,297,9,65,92,272,325
7704,54.3167,9.6667,SBee,80,3,281,3,77,85,263,303
7711,54.0833,9.65,SBee,87,13,312,15,69,99,283,343
7721,54.1167,9.4333,SBee,82,8,305,8,71,95,284,335
7730,54.6167,9.8333,SBee,84,16,291,16,76,97,263,309
7748,54.0667,10.2167,SBee,79,14,298,14,65,94,271,335
7761,54.0167,10.1667,SBee,91,9,298,9,76,105,254,353
7770,53.9333,10.2,SBee,87,14,293,13,65,101,255,338
7775,53.95,9.7167,SBee,93,13,299,15,78,109,285,318
7786,53.7333,10.2667,SBee,90,11,288,11,79,105,260,327
7798,53.8667,10.3333,SBee,78,6,284,6,60,93,260,298
7803,53.9,9.1,SBee,83,13,288,12,74,104,268,302
7807,54.15,9.0667,SBee,80,5,289,5,62,93,283,298
7812,53.9833,9.1167,SBee,80,16,308,16,65,97,287,332
7815,53.9667,9.0833,SBee,85,15,283,16,68,102,257,305
7849,52.7,8.5,SBee,76,5,276,5,64,91,255,319
7855,52.7667,8.75,SBee,74,9,302,9,65,85,269,326
7862,52.8,8.8333,SBee,86,11,293,9,77,118,257,336
7868,52.7833,9.1333,SBee,81,11,284,11,72,97,268,298
7872,52.9,8.5833,SBee,82,10,277,10,69,94,269,290
7881,52.85,9.1833,SBee,81,16,283,16,66,102,250,307
7883,52.1667,9.25,SBee,77,7,276,7,72,82,260,284
7890,52.2,9.2,SBee,83,13,285,13,62,108,256,307
7896,52.1333,9.25,SBee,86,12,274,16,74,106,251,300
7897,52.0667,9.2667,SBee,87,14,293,14,73,101,274,311
7900,51.9833,9.25,SBee,90,12,286,15,73,120,263,311
7906,52.3,9.7333,SBee,59,15,278,15,37,73,253,307
7910,52.3,9.5,SBee,92,16,287,16,72,109,256,308
7914,52.4,9.6333,SBee,81,5,259,4,71,93,250,271
7920,52.5333,9.4667,SBee,84,8,280,7,64,100,261,304
7922,52.3833,9.35,SBee,88,13,282,13,76,104,271,305
7923,52.4,9.45,SBee,79,15,265,16,59,90,249,282
7936,52.5667,9.1333,SBee,76,16,284,16,58,88,250,319
7946,52.7167,9.25,SBee,76,16,274,16,55,89,255,291
7951,52.4,9.1167,SBee,87,10,289,10,77,104,266,324
7956,52.45,9.4,SBee,83,16,299,16,72,97,280,324
7957,52.2333,9.1167,SBee,77,3,294,3,68,94,293,298
7963,52.2167,9.4,SBee,88,10,274,9,74,109,262,282
7965,52.1667,9.4333,SBee,87,16,287,16,73,110,264,311
7971,52.2667,9.7667,SBee,87,9,262,9,74,106,256,271
7977,51.5167,9.95,SBee,89,11,281,11,73,118,270,295
7979,52,9.9333,SBee,81,4,264,3,68,98,245,277
7982,52.0667,9.7167,SBee,83,15,263,15,72,102,251,277
7984,52.0833,9.7833,SBee,83,4,290,4,70,102,283,298
7990,51.5333,10.1833,SBee,80,14,275,13,66,111,250,295
7991,51.6167,10.2167,SBee,83,14,286,14,68,101,277,307
7998,51.8,9.7,SBee,77,16,276,16,53,99,234,309
8007,51.55,10.0667,SBee,87,3,270,3,79,96,262,278
8008,52.0167,10.1333,SBee,74,3,273,3,59,95,267,282
8011,52.1,9.9167,SBee,83,13,271,13,71,122,260,291
8018,52.0833,10.15,SBee,78,16,263,16,59,98,250,278
8023,51.7,9.4333,SBee,86,3,289,3,86,87,283,298
8025,51.9333,9.65,SBee,91,11,278,11,70,108,266,305
8028,51.85,9.6333,SBee,83,15,287,15,59,100,261,305
8039,51.5167,9.7,SBee,86,9,276,9,70,108,266,295
8047,51.6333,9.9333,SBee,86,3,285,4,75,97,264,301
8058,51.8,10.0333,SBee,78,7,298,7,60,96,273,306
8064,51.8167,10.0667,SBee,78,16,274,16,57,96,255,291
8069,52.2333,10.2333,SBee,82,4,270,4,72,98,265,275
8071,52.3167,10.2333,SBee,71,4,261,4,62,80,258,266
8091,52.55,9.7667,SBee,75,16,290,16,57,93,260,317
8093,52.4,10.0667,SBee,74,6,258,5,63,83,255,263
8099,52.6,10.1167,SBee,86,16,305,14,75,100,273,335
8101,52.8167,9.9667,SBee,83,16,274,16,72,101,254,300
8128,52.7667,9.4667,SBee,82,4,273,4,78,86,261,287
8129,52.8333,9.6333,SBee,79,4,288,4,69,83,273,296
8133,52.9333,9.7333,SBee,90,14,285,14,72,105,263,300
8135,52.95,9.5333,SBee,77,16,298,16,67,89,273,339
8151,52.5333,10.35,SBee,83,14,280,13,65,102,253,314
8157,52.6833,10.4,SBee,90,6,283,6,68,99,262,309
8164,52.65,10.4333,SBee,83,16,297,16,63,93,273,332
8166,53.3333,9.8833,SBee,86,15,282,15,73,105,263,301
8172,53.3667,9.9833,SBee,94,6,287,7,88,103,262,304
8175,53.45,9.7333,SBee,93,13,285,13,80,104,263,320
8212,53.0333,11.5333,SBee,87,8,295,8,82,96,289,305
8227,53.1167,11.2,SBee,83,3,275,3,79,91,259,298
8228,53,11.1513,SBee,81,14,283,16,69,99,265,307
8233,53.1,11.05,SBee,81,4,307,4,72,86,298,332
8248,53.0833,10,SBee,85,8,291,8,76,102,276,313
8255,53.1,10.0667,SBee,89,16,299,16,58,109,264,321
8256,52.9333,10.15,SBee,82,16,268,16,58,99,159,298
8260,53.0333,9.8333,SBee,86,16,292,16,75,108,275,308
8261,53.1333,10.6,SBee,82,16,276,16,63,99,263,297
8266,52.9667,10.4667,SBee,98,8,292,8,88,119,287,301
8279,52.8,10.6333,SBee,83,16,272,16,70,99,260,288
8283,52.9167,10.7667,SBee,90,16,278,16,78,100,253,297
8284,52.9833,10.7833,SBee,79,6,268,6,73,86,266,274
8285,52.9667,10.5667,SBee,87,16,270,16,65,99,109,336
8288,53.0833,10.2833,SBee,77,15,282,14,59,87,258,312
8333,53.0667,9.3167,SBee,79,15,312,15,69,89,291,333
8340,53.0167,9.4833,SBee,72,8,300,8,50,95,283,314
8348,53.5667,9.5167,SBee,84,13,285,14,77,101,263,315
8350,53.4,9.5,SBee,93,5,279,5,85,111,253,297
8360,53.5167,9.4833,SBee,87,9,271,9,79,101,254,288
8365,53.4833,9.3333,SBee,85,12,288,12,69,108,273,303
8376,52.8833,9.3167,SBee,81,15,303,12,70,91,266,331
8380,52.9333,9.1833,SBee,87,3,290,3,77,98,265,310
8475,52.2833,8.4167,SBee,91,7,288,7,82,103,277,303
8556,52.2833,10.7,SBee,89,9,269,9,74,105,260,300
8559,52.2167,10.3667,SBee,84,12,277,12,77,99,257,300
8561,51.9,9.85,SBee,91,7,290,7,82,103,283,301
8563,51.8667,10.0167,SBee,80,16,275,15,58,98,257,300
8565,51.95,10.2167,SBee,80,15,281,15,64,98,259,315
8584,52.3667,10.9333,SBee,83,15,270,15,65,99,252,287
8585,52.2333,11.0167,SBee,81,8,302,6,70,96,284,314
8594,52.2833,10.75,SBee,89,9,261,9,78,103,254,268
8595,52.15,10.95,SBee,82,9,260,9,68,99,250,272
8598,52.4333,10.85,SBee,85,16,275,16,76,98,263,297
8606,52.1833,10.7167,SBee,79,16,269,16,59,99,256,278
8608,52.1667,10.5167,SBee,85,15,272,14,68,102,255,301
8614,52.1667,10.55,SBee,77,16,259,16,59,97,246,268
8616,53.15,8.2,SBee,93,6,294,5,86,105,276,326
8670,53.1,8.5333,SBee,79,15,311,15,67,94,275,330
8671,52.9833,8.2833,SBee,85,5,280,5,74,97,273,286
8723,51.3833,6.6,SBee,86,12,271,10,61,109,254,291
8724,51.2,6.45,SBee,87,5,257,5,73,108,250,266
8752,51.15,6.6667,SBee,76,14,258,16,61,88,252,267
8754,51.1,6.5,SBee,84,15,272,15,70,100,257,288
8765,51.3833,6.45,SBee,87,13,250,10,60,107,148,274
8767,51.2333,6.55,SBee,79,7,289,6,68,100,272,304
8772,51.7,6.1667,SBee,79,16,267,10,64,97,255,296
8776,51.7833,6.0167,SBee,83,4,276,11,78,86,247,331
8779,51.6667,6.2667,SBee,79,16,299,16,62,97,270,337
8780,51.7833,6.45,SBee,87,3,262,3,84,90,260,267
8810,51.5167,6.4,SBee,83,16,264,16,63,97,258,275
8813,51.6333,6.1833,SBee,87,10,263,13,72,100,256,277
8815,51.5833,6.25,SBee,87,10,270,11,61,117,257,291
8817,51.45,6.6333,SBee,81,16,260,16,71,95,250,272
8822,51.5833,6.5333,SBee,92,15,287,15,85,99,266,311
8824,51.65,6.6167,SBee,75,15,272,15,58,91,257,314
8836,50.9667,6.75,SBee,81,11,262,11,68,107,253,275
8841,50.7667,7.1333,SBee,78,16,265,16,64,101,257,277
8849,50.6667,6.8,SBee,73,15,263,15,60,88,257,275
8851,50.6833,6.6667,SBee,73,14,270,14,58,88,260,290
8852,50.6167,6.65,SBee,85,15,293,14,69,102,266,314
8863,50.9167,6.8167,SBee,86,16,265,16,66,100,247,287
8869,50.8167,6.95,SBee,78,11,271,11,66,97,256,284
8914,50.7632,7.2631,SBee,101,16,290,16,90,114,274,308
8932,50.8167,6.2667,SBee,78,16,267,16,62,100,251,282
8934,50.7833,6.2,SBee,79,12,273,12,71,94,259,309
8940,50.8,6.4167,SBee,83,16,264,16,66,104,253,286
8957,50.9667,6.3167,SBee,74,4,273,3,62,84,268,276
8958,50.8833,6.45,SBee,74,15,259,15,58,87,254,272
8990,50.9167,6.1167,SBee,75,16,260,16,55,88,250,268
8998,51.9667,7.6333,SBee,78,9,285,9,69,86,281,293
9012,51.7,7.8333,SBee,92,5,293,5,77,99,266,317
9020,51.8833,6.6667,SBee,77,15,287,14,62,90,268,340
9027,51.95,7.1833,SBee,80,16,273,16,52,102,250,293
9035,51.7,7.75,SBee,92,16,272,16,79,113,259,291
9060,52.0833,7.4833,SBee,92,5,294,3,74,108,288,303
9087,51.5833,7.0667,SBee,88,9,283,9,77,97,267,300
9109,52.0833,8.5167,SBee,81,14,280,14,59,108,265,289
9113,51.6833,8.5667,SBee,81,8,279,3,68,99,274,288
9121,51.9,9.1667,SBee,83,10,295,10,73,115,275,311
9138,52.2,8.6,SBee,89,9,285,9,84,100,272,293
9143,52.15,8.8,SBee,81,16,287,16,47,102,267,317
9155,51.8333,9.0667,SBee,85,10,296,10,79,103,276,323
9161,51.9833,8.6667,SBee,84,16,277,16,70,111,257,295
9164,52.1,8.9333,SBee,98,7,282,13,88,110,260,314
9180,52.3,8.9167,SBee,91,8,288,8,80,108,281,298
9187,52.25,8.7333,SBee,85,7,287,7,78,99,267,300
9198,51.7333,8.6833,SBee,79,16,283,16,59,104,266,299
9199,51.7667,8.6667,SBee,84,4,314,4,78,88,314,316
9200,51.7333,8.7167,SBee,95,7,303,7,85,104,292,309
9202,51.5833,9.25,SBee,78,16,284,16,59,97,267,314
9203,51.5833,9.3,SBee,89,16,272,16,73,108,265,283
9213,51.9167,8.3833,SBee,86,9,296,9,73,103,184,325
9269,51.6667,8.35,SBee,79,12,281,12,66,95,269,293
9275,51.6167,8.3333,SBee,97,11,281,11,86,104,275,289
9326,51.5,8.05,SBee,77,13,268,13,64,87,258,288
9374,51.5833,7.6667,SBee,76,6,299,6,65,86,277,329
9379,51.5833,7.8833,SBee,82,7,282,7,71,100,270,300
9401,49.6667,8.65,SBee,75,8,284,8,70,83,268,299
9429,49.8,8.6,SBee,70,13,287,12,57,84,268,308
9443,49.8833,9,SBee,88,3,272,8,79,102,251,300
9462,49.7833,9.0333,SBee,90,10,303,10,73,109,288,314
9468,50.3333,8.75,SBee,81,10,272,10,73,94,260,285
9478,50.4,8.8167,SBee,82,13,263,13,63,95,256,270
9490,50.5167,8.8167,SBee,85,16,272,16,64,111,263,291
9501,49.9667,8.5667,SBee,78,15,272,12,66,91,254,321
9504,50.6333,9.45,SBee,90,5,291,5,79,108,286,298
9534,50.8167,8.7833,SBee,75,7,280,8,69,86,264,304
9535,51.1833,9.9333,SBee,91,13,279,11,79,102,260,306
9536,51.1833,10.1167,SBee,90,9,279,9,73,108,269,284
9540,51.2,10.0667,SBee,82,11,280,11,73,100,266,294
9542,51.2167,10.0167,SBee,84,11,281,11,62,106,266,295
9568,51.0333,9.4,SBee,79,16,271,16,66,99,264,279
9571,50.9833,9.2667,SBee,86,16,272,16,73,96,258,280
9603,50.5333,9.65,SBee,94,3,280,3,86,103,275,284
9618,51.45,9.4167,SBee,80,8,278,9,52,96,269,292
9619,51.4833,9.25,SBee,90,15,279,13,73,105,262,297
9621,51.4,9.4667,SBee,78,10,294,10,71,95,274,306
9626,51.4667,9.4833,SBee,87,4,294,4,77,97,288,301
9646,51.2833,9.6,SBee,83,16,271,16,66,100,266,285
9649,51.3833,9.5167,SBee,83,14,286,15,69,97,265,300
9668,50.7333,8.7,SBee,85,9,284,4,67,105,274,296
9684,51.1,9.5333,SBee,88,16,282,16,67,129,266,310
9697,50.9833,9.5333,SBee,83,3,286,3,80,86,277,293
9732,51.4667,9.0167,SBee,77,13,281,13,55,96,275,297
9741,51.5167,9,SBee,89,3,292,3,83,96,289,295
9764,51.45,9.25,SBee,84,16,274,16,67,100,263,300
9766,51.3333,9.1667,SBee,94,4,271,4,79,109,270,273
9768,51.241,9.2629,SBee,78,16,280,16,66,98,259,307
9770,50.9,9.2167,SBee,85,8,279,8,76,108,270,301
9776,50.8667,9.35,SBee,83,16,289,16,67,103,274,304
9794,50.05,8.3,SBee,76,4,277,5,68,92,260,290
9833,50.15,8.75,SBee,75,16,303,16,58,87,282,330
9837,50.1667,8.9833,SBee,88,7,295,7,76,100,287,301
9845,50.3167,8.15,SBee,84,3,289,3,79,90,286,293
9848,50.3833,8.0333,SBee,84,10,289,10,74,102,258,309
9894,50.2167,8.2667,SBee,82,3,284,3,75,91,280,289
9996,49.7833,7.65,SBee,84,9,260,10,81,88,257,265
10149,50.1333,7.75,SBee,82,9,290,9,79,87,277,306
10176,49.6333,8.3667,SBee,64,16,286,15,56,82,260,337
10181,49.8333,8.0167,SBee,69,12,295,12,62,85,270,326
10187,49.9167,8.1333,SBee,66,16,267,16,47,78,252,291
10189,49.9333,8.1,SBee,73,16,260,16,66,85,248,273
10192,49.9667,8.2,SBee,69,16,271,16,57,81,255,289
10199,49.6667,8.2333,SBee,70,14,263,16,57,84,248,274
10216,49.0333,8,SBee,72,14,273,14,57,84,260,295
10218,49.5833,8.1667,SBee,67,8,267,8,57,84,259,274
10228,49.1167,8.15,SBee,74,14,280,12,59,86,248,329
10230,49.5,7.9167,SBee,94,16,298,16,85,108,277,309
10242,49.65,8.1,SBee,70,15,272,15,59,85,259,289
10243,49.6,8.05,SBee,81,4,269,4,66,91,260,278
10261,49.2667,8.2167,SBee,69,16,279,15,60,90,262,310
10268,49.4571,8.2892,SBee,77,16,281,16,62,87,254,297
10329,48.8667,10.25,SBee,95,3,288,3,90,98,279,293
10338,48.9333,9.3667,SBee,75,6,280,6,63,86,275,286
10341,48.9833,9.3667,SBee,77,5,289,5,66,86,275,313
10349,48.5167,8.8333,SBee,108,3,277,3,106,111,263,285
10353,48.7,9,SBee,79,16,279,16,66,100,259,308
10360,49.25,9.95,SBee,92,3,301,3,85,97,284,314
10396,49.2167,9.1,SBee,70,16,268,16,56,102,254,291
10403,49.0833,9.1,SBee,85,14,288,14,61,109,264,300
10406,49.0833,9.15,SBee,74,16,277,16,58,95,262,297
10416,49.3833,9.7,SBee,85,10,304,5,71,100,267,319
10422,48.8667,9.0333,SBee,64,16,269,16,54,78,253,288
10431,48.9667,9.1333,SBee,72,16,272,16,59,88,250,288
10432,49.05,9.1,SBee,68,4,283,7,60,75,261,303
10439,48.9,9.0833,SBee,72,16,265,16,60,90,248,279
10444,49.4333,10.1167,SBee,79,10,296,10,66,96,273,314
10449,49.4833,9.7667,SBee,79,15,281,16,67,104,259,301
10450,49.5333,9.9,SBee,81,16,290,16,65,101,283,319
10451,49.4833,10,SBee,80,10,278,10,65,95,269,291
10453,49.4333,9.8833,SBee,84,4,295,4,78,90,278,315
10467,49.2333,9.6333,SBee,70,3,265,3,64,78,258,271
10473,49.25,9.5667,SBee,83,8,283,8,76,95,270,289
10487,49.0833,9.8833,SBee,91,6,295,6,73,108,277,310
10491,48.5,10.1167,SBee,78,16,294,16,64,98,262,311
10496,49.0667,8.8,SBee,80,16,283,16,63,100,265,311
10498,48.9667,8.9667,SBee,72,13,266,15,56,95,248,288
10511,48.8833,9.35,SBee,70,16,298,14,57,95,258,324
10525,49.1333,8.5833,SBee,110,14,293,14,86,135,262,324
10526,49.1,8.65,SBee,71,16,273,16,57,83,257,296
10532,49.1833,8.75,SBee,68,3,264,4,58,76,259,270
10538,49.4,9.4,SBee,82,13,284,13,77,90,263,304
10540,49.4,9.5667,SBee,85,13,278,12,62,103,261,301
10542,49.5333,9.3167,SBee,81,4,285,4,70,96,271,298
10543,49.6333,9.4167,SBee,80,3,313,3,76,85,302,326
10554,49.2833,8.7333,SBee,90,4,283,4,60,110,263,303
10556,49.3333,8.75,SBee,81,13,297,12,66,91,270,322
10561,49.3833,8.8,SBee,78,8,274,8,66,87,257,287
10564,49.2667,8.75,SBee,76,15,283,14,49,92,261,312
10565,49.3833,8.8833,SBee,83,3,292,3,77,92,279,311
10570,49.0333,8.7,SBee,79,16,283,16,70,97,258,308
10572,49.0833,8.3833,SBee,86,5,282,5,67,103,279,288
10576,49.0167,8.5,SBee,82,8,280,8,73,90,265,295
10583,49.4,8.5333,SBee,71,12,288,12,47,91,273,301
10600,49.4167,9.2833,SBee,84,15,282,15,71,97,264,319
10612,49.1833,8.9833,SBee,78,4,264,4,62,99,260,270
10616,49.3333,8.9167,SBee,80,7,272,7,66,108,249,287
10619,49.3333,8.95,SBee,81,16,283,16,63,104,269,296
10622,49.0833,8.85,SBee,79,15,288,15,65,100,263,306
10631,49.1,8.85,SBee,79,9,283,9,67,93,268,329
10633,49.7667,9.6167,SBee,80,3,288,3,75,86,281,293
10635,49.7,9.8,SBee,79,7,291,7,73,84,280,303
10645,49.75,9.4833,SBee,79,16,296,15,63,102,272,314
10672,48.1333,7.7,SBee,76,4,279,6,69,85,257,322
10729,47.8667,7.6,SBee,87,7,286,7,79,102,265,301
10731,47.8167,7.6333,SBee,75,9,285,9,63,97,258,310
10786,47.7667,9.3167,SBee,80,5,291,5,63,97,268,314
10894,48.5333,9.2,SBee,76,10,292,10,60,94,273,311
10909,48.1833,9.5,SBee,86,14,303,13,71,104,278,316
10935,48.4667,8.9333,SBee,67,15,268,4,54,82,255,281
10954,48.05,10.8833,SBee,78,13,278,11,63,98,268,289
10964,48.4667,11.1333,SBee,85,4,305,3,76,93,301,314
10968,48.5833,11.0833,SBee,91,4,289,4,77,103,280,296
10996,48.3833,11.4167,SBee,95,5,298,5,86,104,284,307
11009,48.3167,11.9167,SBee,80,11,273,8,73,94,266,289
11032,48.7833,11.6,SBee,82,16,282,15,67,106,270,296
11033,48.7833,11.2833,SBee,91,14,274,13,65,114,242,288
11101,48.6333,11.3167,SBee,91,9,283,8,75,104,275,295
11162,48.8333,12.9667,SBee,88,16,268,15,74,101,254,275
11163,48.8833,12.6,SBee,80,15,265,15,61,97,257,278
11174,48.8167,12.8,SBee,75,16,274,16,57,96,262,289
11217,48.65,12.9,SBee,90,11,314,11,77,97,308,320
11220,48.5833,12.1833,SBee,84,16,285,16,67,102,274,301
11221,48.6167,12.2,SBee,81,16,283,16,65,101,242,315
11222,48.6333,12.35,SBee,83,4,288,3,70,103,280,299
11228,48.7333,12.3,SBee,71,16,271,16,58,90,253,288
11245,48.4333,13.0167,SBee,77,5,294,5,71,84,271,304
11305,49.3333,12.1167,SBee,83,5,287,5,72,101,282,293
11393,48.9667,12.0833,SBee,83,14,277,13,58,117,265,295
11396,49.0167,11.9333,SBee,89,16,284,16,66,108,271,301
11400,49.0667,12.0167,SBee,83,8,286,7,77,97,278,295
11403,48.9167,12.4333,SBee,77,16,277,14,57,88,260,291
11405,49.0333,12.25,SBee,80,16,281,16,61,109,253,304
11406,48.9833,12.2,SBee,107,14,278,15,83,141,267,294
11411,48.9,11.6167,SBee,83,16,295,16,65,100,276,309
11472,49.9167,11.0167,SBee,84,6,284,6,58,116,264,307
11486,49.9333,11.6167,SBee,90,8,283,8,75,106,269,300
11502,50.3667,10.8,SBee,87,9,280,9,77,98,262,296
11507,50.3,11.0333,SBee,102,3,295,3,94,108,283,303
11508,50.2667,11.15,SBee,88,16,286,16,69,106,269,309
11509,50.2167,11.1333,SBee,88,16,284,15,69,106,271,306
11630,49.3833,10.1833,SBee,77,3,295,3,60,88,285,303
11632,49.4,10.5167,SBee,84,7,292,7,71,104,275,309
11634,49.3333,10.8,SBee,80,16,287,16,58,102,258,309
11660,49.1667,10.3333,SBee,85,16,295,15,59,106,263,333
11667,49.5,10.8,SBee,96,14,294,14,65,116,273,325
11693,49.5833,10.6,SBee,94,4,266,4,89,100,250,278
11696,49.4833,10.7167,SBee,84,15,280,15,59,109,261,299
11703,49.3833,10.3333,SBee,86,3,283,3,82,88,276,293
11712,49.7667,10.5167,SBee,74,4,283,4,64,83,273,300
11715,49.3667,10.95,SBee,74,3,271,3,70,81,236,291
11719,49.55,10.4333,SBee,78,10,302,11,71,97,287,328
11720,49.6333,10.2333,SBee,77,15,266,14,58,104,259,278
11721,49.45,10.3167,SBee,82,12,288,12,71,102,253,309
11725,49.55,10.2333,SBee,76,16,274,16,63,84,264,286
11748,49.9667,9.2167,SBee,76,14,306,14,60,103,293,322
11767,50.1667,10.1667,SBee,88,9,288,9,75,104,270,306
11768,50.2,10.3167,SBee,80,15,285,15,63,104,265,307
11803,49.95,10.2833,SBee,71,16,285,16,61,85,277,297
11805,49.95,10.4167,SBee,84,12,285,12,72,103,272,303
11808,50.15,9.9667,SBee,84,6,282,5,75,91,267,300
11814,50.15,9.8833,SBee,81,8,303,8,71,90,292,331
11817,49.9667,10.6833,SBee,77,16,297,16,59,104,277,325
11820,50.0333,10.5,SBee,91,3,275,3,80,108,271,281
11827,50.15,10.4333,SBee,87,11,278,10,63,113,244,293
11836,50.1833,10.3667,SBee,83,9,285,9,74,104,267,320
11849,49.7167,10.2167,SBee,71,16,270,16,60,85,254,295
11857,50.3,10.4667,SBee,81,15,279,15,67,104,258,304
11858,50.2667,10.5333,SBee,85,11,267,11,71,108,246,286
11872,49.9,9.6667,SBee,79,9,301,3,70,90,284,323
11875,50.4,10.35,SBee,80,6,278,5,73,90,267,293
11882,50.4167,10.3833,SBee,78,16,277,16,58,103,263,295
11883,50.45,10.2667,SBee,88,14,284,11,72,100,274,299
11890,49.8333,9.1333,SBee,76,5,286,5,67,87,273,302
11891,49.7,10.0833,SBee,78,15,282,15,58,91,253,303
11897,49.7,10.0167,SBee,80,16,273,16,66,104,257,297
11907,49.9,10.05,SBee,82,9,269,8,67,96,262,279
11908,49.8833,10.0333,SBee,78,16,281,16,68,97,264,301
11910,49.6833,9.9,SBee,77,16,270,16,60,103,257,293
11911,49.8667,9.9,SBee,78,6,273,6,58,94,256,283
11915,49.7833,9.7667,SBee,76,8,269,8,61,86,258,301
11916,49.8333,9.8667,SBee,80,7,279,7,70,100,263,292
11932,48.55,10.3,SBee,78,11,288,11,67,96,275,298
11938,48.6167,10.4167,SBee,75,16,284,16,58,96,262,299
11940,48.7167,10.7833,SBee,71,15,263,14,56,84,246,278
11950,48.35,10.9833,SBee,78,8,273,8,59,98,267,287
11957,48.4333,10.4167,SBee,91,11,288,11,81,98,263,309
11960,48.3667,10.3,SBee,78,16,279,16,65,91,264,297
11971,48.15,10.1667,SBee,86,6,282,6,73,103,261,303
12017,48.75,11.0167,SBee,82,16,280,16,58,102,264,301
12022,48.3667,10.15,SBee,89,8,283,7,75,104,271,291
12026,48.3167,10.1,SBee,76,15,284,15,61,97,262,306
12035,48.2667,10.8333,SBee,85,8,291,8,74,97,252,317
12038,48.1833,10.6833,SBee,76,11,291,11,59,100,259,312
12053,48.4833,10.6667,SBee,95,11,292,11,82,106,272,322
12054,48.5667,10.7333,SBee,74,7,276,7,57,84,263,319
12056,48.5833,10.75,SBee,81,12,285,12,71,95,265,297
12085,49.4333,6.9667,SBee,71,7,281,7,65,75,268,295
12132,52.4477,13.2975,SBee,88,7,295,7,86,93,292,299
12156,53.2167,14.3833,SBee,85,8,303,6,80,91,273,318
12157,52.9667,14.0833,SBee,88,14,278,14,78,104,257,310
12162,53.15,14.1167,SBee,86,15,283,15,81,91,263,296
12164,53.1,13.8833,SBee,97,8,289,8,91,109,283,296
12168,52.7333,14.2167,SBee,78,10,286,10,73,84,272,301
12173,52.8,14.1667,SBee,80,16,289,15,61,104,259,300
12258,51.5667,13.55,SBee,89,11,279,10,81,101,258,293
12294,51.8833,14.65,SBee,80,16,295,16,66,97,281,316
12295,51.9667,14.5667,SBee,96,4,297,4,87,101,296,300
12310,51.9167,13.0833,SBee,82,8,266,8,77,94,254,275
12330,52.9833,12.1167,SBee,83,12,283,12,72,105,253,308
12347,51.7833,13.6167,SBee,89,12,285,12,76,100,261,314
12368,52.8167,12.7833,SBee,99,3,282,3,95,102,270,289
12398,52.9833,12.0667,SBee,80,9,292,9,72,94,278,317
12418,53.3167,13.9,SBee,87,16,275,16,74,101,260,298
12420,53.25,12.2,SBee,88,7,284,7,81,98,270,307
12421,53.0333,12.0833,SBee,90,6,289,6,81,99,263,321
12492,54.1333,12.0667,SBee,98,3,286,3,94,102,279,292
12502,53.9,11.4667,SBee,91,3,284,3,80,108,279,291
12511,53.85,13.7,SBee,90,4,284,4,80,100,275,295
12513,53.7667,13.7833,SBee,89,4,267,4,80,94,263,270
12522,54.1,11.6167,SBee,80,6,294,7,69,97,283,312
12527,53.8833,11.8333,SBee,97,7,290,7,82,107,285,299
12537,53.8667,13.15,SBee,81,13,289,14,74,95,277,305
12538,53.9167,13.25,SBee,82,16,261,16,64,97,250,272
12539,53.7667,11.0333,SBee,88,3,296,3,81,99,287,304
12560,54.0833,13.1667,SBee,87,14,283,14,78,99,258,308
12561,54.0833,12.9667,SBee,94,15,293,15,75,111,271,316
12568,53.75,12.3833,SBee,83,15,291,15,72,101,266,319
12633,53.5167,13.95,SBee,93,15,288,15,83,113,264,307
12634,53.3,14.2333,SBee,88,13,291,13,78,99,270,314
12637,54.3333,12.7167,SBee,85,7,271,7,65,111,263,301
12656,54.0667,12.3167,SBee,89,9,297,9,73,104,269,316
12681,53.7167,11.8333,SBee,94,10,291,10,78,104,287,294
12690,53.55,13.8333,SBee,88,15,272,16,72,104,260,288
12693,53.4833,13.45,SBee,91,16,273,16,86,96,252,297
12695,53.4667,13.6167,SBee,83,16,265,16,71,99,258,285
12704,53.7333,12.5667,SBee,93,6,277,6,86,108,263,289
12709,53.7833,12.5833,SBee,90,8,279,8,79,108,264,306
12817,50.9,13,SBee,91,15,282,13,79,108,263,297
12830,51.1167,13.1167,SBee,88,16,282,16,73,108,255,297
12833,51.1167,13.1833,SBee,92,16,295,16,73,106,271,312
12860,50.9833,13.6833,SBee,91,12,297,12,74,101,286,303
12865,50.9667,13.7333,SBee,80,6,286,6,74,97,272,307
12873,50.8667,12.45,SBee,81,15,281,15,68,92,271,295
12879,51.2667,15.0333,SBee,91,16,287,16,80,101,256,319
12881,51.0333,14.95,SBee,79,9,270,9,72,96,263,293
12883,51.1167,12.8,SBee,85,12,278,12,71,101,262,291
12917,50.9833,14.8,SBee,85,11,286,11,72,98,262,305
12921,51.1,14.65,SBee,86,4,291,4,81,100,277,301
12937,51.2,13.4167,SBee,82,16,288,16,76,103,275,299
12940,51.15,13.45,SBee,88,15,285,13,78,108,270,303
12942,51.0667,13.2667,SBee,89,16,276,16,69,104,263,285
12971,50.9667,14.05,SBee,88,9,285,9,76,104,271,299
12987,51.05,12.9667,SBee,91,6,284,6,79,106,265,310
12994,51.0667,14.2167,SBee,105,5,293,5,101,109,278,302
13004,51.4833,13.1333,SBee,77,3,287,3,68,96,256,312
13005,51.65,12.8833,SBee,79,16,266,16,68,94,146,289
13018,51.3333,12.6167,SBee,88,16,291,16,75,105,279,303
13020,51.3667,12.6333,SBee,80,16,276,16,62,95,263,288
13021,51.4333,12.6833,SBee,85,16,288,16,71,107,272,305
13041,51.7667,11.4333,SBee,85,15,281,15,65,98,271,301
13046,51.7333,11.5,SBee,78,11,273,11,69,88,261,287
13047,51.7167,11.3,SBee,74,15,267,15,56,93,255,282
13051,51.7,11.65,SBee,89,5,267,4,79,101,263,276
13064,51.6,12.1167,SBee,72,3,275,3,68,75,263,296
13074,52.1333,11.8333,SBee,76,16,282,16,65,87,269,292
13082,51.4833,11.6333,SBee,73,16,295,16,56,93,278,316
13083,51.5333,11.7,SBee,75,16,264,16,63,94,248,278
13092,52.35,11.9833,SBee,81,6,272,6,73,92,267,279
13094,52.5,12.0333,SBee,93,16,269,16,85,100,257,286
13095,52.4833,12.2333,SBee,99,3,285,3,98,101,268,319
13101,51.6833,12.55,SBee,86,15,274,15,77,101,253,295
13102,51.8167,12.55,SBee,80,16,282,16,62,99,263,309
13115,51.9667,10.7167,SBee,77,16,258,16,57,94,253,268
13126,52.2,11.3333,SBee,80,16,271,16,62,99,251,302
13140,51.7333,13.0333,SBee,79,16,273,16,72,94,256,297
13158,52.6333,11.0833,SBee,79,16,270,15,64,91,259,282
13172,51.3167,12.1167,SBee,81,11,291,11,71,99,271,334
13182,51.1333,11.7333,SBee,85,5,274,5,78,92,251,306
13197,51.2333,11.8167,SBee,81,14,279,14,67,98,264,303
13198,52.0833,11.1167,SBee,79,16,266,16,63,97,255,278
13200,52.0167,11.2167,SBee,91,16,268,16,70,116,227,282
13212,52.7167,11.95,SBee,76,4,274,4,66,81,267,289
13214,52.7167,11.8333,SBee,77,5,313,5,65,91,279,328
13227,51.4,11.55,SBee,87,5,290,5,81,94,274,308
13240,51.45,11.7833,SBee,77,5,272,5,72,83,267,277
13243,52.85,11.3833,SBee,86,4,276,4,80,96,267,286
