Stations_id,lat,long,crop,avg.sowing.doy,values_sowing,avg. harvest.doy,values_harvest,earliest.sowing.doy,latest.sowing.doy,earliest.harvest.doy,latest.harvest.doy
662,52.2915,10.4464,PO,112,37,189,18,95,132,179,197
1580,49.9859,7.9549,PO,115,0,187,0,115,115,187,187
1691,51.5002,9.9507,PO,121,0,185,23,121,121,174,197
2561,49.7167,8.1167,PO,117,0,184,8,117,117,181,189
3023,52.5181,7.3081,PO,122,26,187,21,106,132,180,201
3815,52.2553,8.0534,PO,111,50,191,37,86,136,172,209
4039,53.7331,9.8776,PO,109,41,193,21,89,130,182,203
4466,54.5275,9.5487,PO,115,27,187,21,100,127,174,195
5100,49.7479,6.6582,PO,129,16,202,17,121,137,195,212
5250,48.0908,7.6353,PO,118,0,173,0,118,118,173,173
5404,48.4025,11.6946,PO,120,19,191,40,109,128,160,200
5705,49.7703,9.9577,PO,121,11,194,9,114,125,189,198
7501,54.7833,9.4333,PO,128,0,200,2,128,128,199,201
7509,54.4333,9.7,PO,124,13,203,35,117,130,188,223
7516,54.4,9.9667,PO,121,24,191,25,106,130,178,203
7518,54.4,9.85,PO,119,0,208,14,119,119,201,215
7519,54.4167,9.8833,PO,139,9,218,0,135,144,218,218
7526,54.4333,10.05,PO,125,15,181,0,118,133,181,181
7528,54.55,9.8167,PO,128,20,186,13,120,140,179,192
7532,54.4,8.7667,PO,139,0,200,0,139,139,200,200
7536,54.0167,10.5667,PO,122,23,190,20,112,135,181,201
7537,54,10.4833,PO,124,0,197,0,124,124,197,197
7539,53.95,10.6833,PO,122,27,196,20,104,131,186,206
7540,54.1333,10.6167,PO,120,13,194,11,113,126,186,197
7543,54.2167,10.6167,PO,126,14,196,0,118,132,196,196
7544,54.1833,10.55,PO,123,29,193,24,105,134,180,204
7546,53.95,10.7333,PO,119,33,188,12,101,134,184,196
7554,54.7333,9.5667,PO,126,10,204,41,120,130,181,222
7555,54.7,9.55,PO,123,16,187,22,114,130,178,200
7559,54.75,9.9,PO,124,20,183,32,113,133,163,195
7566,54.75,9.5167,PO,123,30,180,1,108,138,180,181
7568,54.7333,9.5,PO,122,11,201,0,118,129,201,201
7575,54.6833,10,PO,130,16,213,11,122,138,208,219
7579,54.7667,9.1667,PO,109,13,185,50,105,118,160,210
7599,53.6833,10.6,PO,120,12,189,17,114,126,183,200
7601,53.6167,10.7,PO,102,15,192,8,93,108,187,195
7605,53.75,10.6167,PO,114,29,174,35,93,122,157,192
7616,54.6167,8.9667,PO,90,0,165,0,90,90,165,165
7620,54.4167,9.25,PO,124,28,186,8,104,132,182,190
7623,54.6667,9.1333,PO,120,28,192,46,104,132,166,212
7624,54.5167,8.65,PO,120,4,208,9,118,122,204,213
7635,54.25,9.1833,PO,112,15,167,30,105,120,152,182
7640,54.4333,11.2,PO,122,9,186,28,119,128,173,201
7641,54.5,11.1,PO,124,18,198,17,117,135,188,205
7642,54.2333,11.0833,PO,123,31,192,13,103,134,189,202
7643,54.25,10.9167,PO,133,11,193,17,125,136,184,201
7646,54.25,10.8333,PO,126,21,189,11,115,136,181,192
7650,54.1,10.8167,PO,126,16,196,0,118,134,196,196
7651,54.3,10.9,PO,124,17,184,4,117,134,182,186
7660,53.7,9.8,PO,118,20,179,13,106,126,172,185
7669,53.8167,9.7833,PO,120,15,189,23,114,129,178,201
7682,54.3167,10.5,PO,119,13,184,21,112,125,173,194
7684,54.3567,10.182,PO,113,20,180,26,101,121,166,192
7693,54.2833,10.2333,PO,129,11,199,31,124,135,178,209
7697,54.1167,10.1667,PO,126,15,184,30,118,133,170,200
7700,54.1667,10.05,PO,130,0,194,2,130,130,193,195
7701,54.3333,9.8333,PO,124,0,195,0,124,124,195,195
7703,54.2,9.75,PO,122,12,187,13,116,128,182,195
7706,54.25,9.55,PO,115,23,176,14,102,125,167,181
7709,54.2333,9.5167,PO,125,27,186,19,108,135,177,196
7711,54.0833,9.65,PO,120,31,193,21,109,140,184,205
7713,54.2333,9.6667,PO,126,0,186,0,126,126,186,186
7715,54.1667,9.85,PO,114,23,186,17,104,127,177,194
7716,54.3,9.6667,PO,124,13,191,16,119,132,185,201
7719,54.2667,9.9833,PO,121,0,196,7,121,121,193,200
7721,54.1167,9.4333,PO,126,20,198,18,114,134,188,206
7722,54.1333,9.55,PO,107,23,174,42,99,122,156,198
7730,54.6167,9.8333,PO,125,19,192,43,115,134,182,225
7737,54.4167,9.5167,PO,127,10,210,27,124,134,195,222
7745,53.9167,9.8833,PO,129,13,195,14,121,134,190,204
7746,53.9333,10.3,PO,110,17,197,0,102,119,197,197
7748,54.0667,10.2167,PO,125,32,197,41,108,140,183,224
7750,53.95,10.25,PO,118,13,203,44,113,126,183,227
7752,53.9,10.0667,PO,129,11,181,0,123,134,181,181
7753,53.9667,10.0833,PO,122,4,192,7,120,124,188,195
7754,53.7833,10,PO,113,10,180,9,109,119,175,184
7755,53.85,9.9667,PO,124,7,206,0,121,128,206,206
7757,53.9833,10.25,PO,117,11,210,21,111,122,199,220
7759,53.8167,10.15,PO,121,0,180,0,121,121,180,180
7761,54.0167,10.1667,PO,115,0,192,14,115,115,184,198
7769,53.7833,10.0833,PO,126,7,197,17,123,130,191,208
7772,53.9,9.7833,PO,120,13,174,16,115,128,167,183
7774,53.8167,9.6167,PO,113,14,185,20,104,118,174,194
7775,53.95,9.7167,PO,112,33,187,43,96,129,166,209
7776,53.85,9.4833,PO,119,18,184,59,106,124,163,222
7778,54.0167,9.6833,PO,116,16,181,32,106,122,164,196
7781,54.0167,9.8,PO,102,19,176,18,90,109,168,186
7784,53.6667,10.2,PO,128,12,202,16,121,133,196,212
7786,53.7333,10.2667,PO,114,18,174,21,103,121,166,187
7795,53.8333,10.4833,PO,121,33,184,15,97,130,175,190
7798,53.8667,10.3333,PO,122,36,192,12,93,129,188,200
7801,53.7333,10.1667,PO,122,11,177,23,116,127,168,191
7802,54.15,9.2833,PO,114,29,188,0,99,128,188,188
7805,54.0167,8.9,PO,113,23,195,32,102,125,177,209
7807,54.15,9.0667,PO,127,16,211,0,118,134,211,211
7811,54.0833,9.1167,PO,117,17,175,8,105,122,170,178
7812,53.9833,9.1167,PO,114,19,180,13,102,121,175,188
7819,54.75,8.9667,PO,123,9,195,17,119,128,187,204
7821,54.8,9.1667,PO,128,14,195,38,121,135,182,220
7828,54.6833,8.5667,PO,121,12,190,22,116,128,178,200
7829,53.65,10.1833,PO,120,35,188,46,95,130,157,203
7830,53.4833,10.2333,PO,123,3,185,15,121,124,179,194
7832,53.6667,10.0333,PO,131,20,201,0,121,141,201,201
7841,53.4333,10.2833,PO,115,4,189,6,113,117,186,192
7849,52.7,8.5,PO,122,0,191,0,122,122,191,191
7853,52.6333,8.3833,PO,117,6,158,0,114,120,158,158
7855,52.7667,8.75,PO,116,21,189,26,104,125,181,207
7858,52.75,8.8333,PO,115,9,182,31,110,119,173,204
7859,52.6,8.4833,PO,113,21,177,11,101,122,171,182
7862,52.8,8.8333,PO,122,31,199,23,109,140,189,212
7865,52.5667,8.5667,PO,122,12,204,15,116,128,197,212
7868,52.7833,9.1333,PO,107,34,168,17,84,118,158,175
7875,52.8667,9.0333,PO,113,25,162,22,102,127,146,168
7876,52.9833,8.8167,PO,110,13,182,11,102,115,175,186
7878,52.9,9.0333,PO,105,26,186,32,90,116,166,198
7879,52.9,8.8,PO,105,32,185,24,88,120,170,194
7881,52.85,9.1833,PO,120,21,181,3,107,128,179,182
7883,52.1667,9.25,PO,122,17,195,30,111,128,180,210
7892,52.1,9.4167,PO,120,0,205,0,120,120,205,205
7893,52.1167,9.55,PO,122,9,187,11,118,127,182,193
7894,52.1333,9.5833,PO,125,11,197,17,120,131,188,205
7897,52.0667,9.2667,PO,115,20,181,29,102,122,164,193
7902,52.0667,9.3667,PO,116,8,181,20,111,119,171,191
7912,52.3,9.8,PO,118,16,188,16,113,129,178,194
7918,52.4,9.6,PO,115,18,187,11,107,125,183,194
7919,52.55,9.4167,PO,109,15,177,5,100,115,175,180
7922,52.3833,9.35,PO,110,0,184,56,110,110,164,220
7923,52.4,9.45,PO,114,20,188,8,104,124,184,192
7925,52.5,9.45,PO,98,32,186,0,82,114,186,186
7927,52.5167,9.5167,PO,103,29,175,38,84,113,155,193
7930,52.7167,9.1333,PO,104,0,189,0,104,104,189,189
7931,52.5667,9.3,PO,111,11,181,10,105,116,178,188
7933,52.6667,9.25,PO,116,0,172,10,116,116,166,176
7937,52.6167,9.25,PO,112,21,175,17,104,125,167,184
7938,52.4167,8.75,PO,113,5,204,37,109,114,183,220
7943,52.5,8.9833,PO,113,20,218,0,101,121,218,218
7944,52.65,9.2167,PO,115,0,178,0,115,115,178,178
7946,52.7167,9.25,PO,108,18,178,14,100,118,171,185
7948,52.6667,9.3833,PO,105,31,184,12,87,118,176,188
7950,52.45,8.85,PO,112,16,180,13,104,120,173,186
7951,52.4,9.1167,PO,110,37,177,20,92,129,167,187
7952,52.2667,9.1,PO,115,40,181,37,101,141,164,201
7957,52.2333,9.1167,PO,124,16,197,35,116,132,180,215
7961,52.2167,9.15,PO,128,0,198,2,128,128,197,199
7962,52.4333,9.2667,PO,115,25,194,29,101,126,175,204
7963,52.2167,9.4,PO,121,10,187,16,115,125,179,195
7971,52.2667,9.7667,PO,123,8,196,27,119,127,184,211
7972,52.2667,9.35,PO,118,22,188,26,103,125,175,201
7973,52.2167,9.55,PO,122,7,196,16,120,127,192,208
7974,52.2167,9.6333,PO,115,20,181,15,102,122,171,186
7982,52.0667,9.7167,PO,119,9,204,13,115,124,196,209
7983,51.95,9.9167,PO,135,4,197,30,133,137,182,212
7984,52.0833,9.7833,PO,119,11,196,19,114,125,188,207
7986,52.1167,9.7,PO,123,0,195,8,123,123,190,198
7992,51.5667,10.3167,PO,116,17,196,28,106,123,183,211
7994,51.5,10.1833,PO,115,18,186,28,104,122,169,197
7995,51.5667,10.2333,PO,125,7,195,5,121,128,194,199
8004,51.4333,9.9333,PO,122,15,191,35,114,129,180,215
8007,51.55,10.0667,PO,131,9,208,8,125,134,204,212
8008,52.0167,10.1333,PO,126,7,190,15,123,130,183,198
8009,52.0333,10,PO,113,27,184,20,96,123,174,194
8010,52.0667,10.0167,PO,106,19,168,16,97,116,160,176
8015,51.95,10.1167,PO,124,19,195,39,113,132,173,212
8020,52.2333,9.85,PO,117,24,165,10,102,126,160,170
8025,51.9333,9.65,PO,109,48,194,10,83,131,190,200
8028,51.85,9.6333,PO,126,13,188,8,121,134,185,193
8032,51.9167,9.5167,PO,114,27,187,12,95,122,181,193
8034,51.35,9.6167,PO,127,0,204,3,127,127,202,205
8036,51.3833,9.7667,PO,116,13,176,8,108,121,172,180
8037,51.4667,9.8,PO,117,25,204,31,104,129,188,219
8046,51.7167,9.8333,PO,136,0,194,16,136,136,186,202
8048,51.7167,10,PO,113,14,202,0,106,120,202,202
8049,51.6833,9.55,PO,127,11,201,16,121,132,195,211
8052,51.6,10.45,PO,126,9,195,23,123,132,186,209
8053,51.7,10.1667,PO,114,26,188,28,102,128,178,206
8054,51.7667,10.1833,PO,112,9,185,0,108,117,185,185
8058,51.8,10.0333,PO,113,25,187,23,104,129,172,195
8060,51.7333,10.25,PO,118,23,182,0,104,127,182,182
8069,52.2333,10.2333,PO,118,5,181,22,115,120,167,189
8071,52.3167,10.2333,PO,98,36,185,48,82,118,152,200
8075,51.8167,10.35,PO,133,16,224,19,125,141,213,232
8087,52.5333,9.7667,PO,119,10,184,17,113,123,176,193
8091,52.55,9.7667,PO,87,0,181,0,87,87,181,181
8093,52.4,10.0667,PO,100,34,175,11,88,122,171,182
8100,52.6833,9.8167,PO,126,6,202,15,123,129,194,209
8101,52.8167,9.9667,PO,110,33,176,31,90,123,161,192
8104,52.7344,10.2244,PO,133,0,188,1,133,133,187,188
8105,52.7,10.2333,PO,114,20,189,24,102,122,178,202
8117,52.7333,10.1667,PO,117,40,203,31,90,130,185,216
8123,52.65,10.3833,PO,119,15,182,11,114,129,178,189
8125,52.7667,9.55,PO,108,43,182,44,79,122,156,200
8127,52.9,9.6667,PO,108,15,179,7,103,118,177,184
8128,52.7667,9.4667,PO,119,22,188,31,104,126,174,205
8132,52.9,9.5833,PO,128,13,191,31,122,135,182,213
8133,52.9333,9.7333,PO,128,17,201,15,121,138,194,209
8137,52.8667,9.6,PO,111,45,181,44,89,134,162,206
8144,52.4833,10.55,PO,107,22,181,16,97,119,171,187
8147,52.3667,10.75,PO,120,0,190,0,120,120,190,190
8149,52.3833,10.55,PO,124,18,204,34,118,136,186,220
8151,52.5333,10.35,PO,103,12,174,11,98,110,169,180
8153,52.3833,10.4833,PO,112,43,181,29,82,125,169,198
8157,52.6833,10.4,PO,116,31,204,35,98,129,183,218
8165,52.6667,10.85,PO,109,29,178,34,87,116,152,186
8166,53.3333,9.8833,PO,108,15,190,19,103,118,179,198
8169,53.2333,10.1,PO,110,0,165,0,110,110,165,165
8171,53.25,10,PO,119,19,191,10,107,126,186,196
8172,53.3667,9.9833,PO,118,11,189,0,113,124,189,189
8174,53.3667,10.3,PO,100,19,164,14,90,109,158,172
8175,53.45,9.7333,PO,110,16,207,0,104,120,207,207
8183,53.4167,10.3667,PO,111,28,163,19,94,122,153,172
8188,53.3333,10.1833,PO,120,10,180,17,114,124,172,189
8190,53.3,9.8,PO,121,15,192,6,114,129,189,195
8191,53.2667,10.1167,PO,107,25,172,22,93,118,164,186
8203,53.0333,11.2667,PO,110,32,178,19,94,126,168,187
8228,53,11.1513,PO,112,31,188,0,94,125,188,188
8233,53.1,11.05,PO,118,6,200,27,115,121,186,213
8235,53.3667,10.4833,PO,113,24,163,18,99,123,154,172
8238,53.2,10.55,PO,120,18,207,33,110,128,188,221
8241,53.2833,10.3167,PO,130,24,207,26,123,147,193,219
8248,53.0833,10,PO,120,0,178,0,120,120,178,178
8251,53.0833,9.85,PO,112,29,181,22,96,125,169,191
8253,53.1167,9.8,PO,119,15,215,27,109,124,198,225
8255,53.1,10.0667,PO,115,19,183,20,106,125,170,190
8256,52.9333,10.15,PO,115,17,195,33,105,122,179,212
8259,53.1667,9.9667,PO,118,9,211,10,114,123,206,216
8260,53.0333,9.8333,PO,111,15,190,28,104,119,178,206
8261,53.1333,10.6,PO,119,7,188,26,114,121,175,201
8263,52.95,10.7667,PO,108,0,204,2,108,108,203,205
8272,52.9167,10.4667,PO,110,26,182,28,94,120,171,199
8279,52.8,10.6333,PO,98,17,181,20,88,105,171,191
8283,52.9167,10.7667,PO,111,23,186,29,99,122,170,199
8284,52.9833,10.7833,PO,111,20,192,47,102,122,173,220
8285,52.9667,10.5667,PO,102,34,153,0,83,117,153,153
8288,53.0833,10.2833,PO,106,12,198,43,101,113,182,225
8292,53.2667,9.2,PO,118,27,183,45,102,129,156,201
8296,53.35,9.1833,PO,123,0,193,0,123,123,193,193
8300,53.3833,9.2167,PO,123,0,194,4,123,123,193,197
8301,53.45,9.1167,PO,117,21,196,30,107,128,182,212
8304,53.8167,8.7667,PO,118,39,192,34,90,129,180,214
8309,53.6333,9.1,PO,107,0,182,0,107,107,182,182
8317,53.75,8.8167,PO,124,7,185,19,120,127,176,195
8318,53.75,8.7833,PO,110,0,201,0,110,110,201,201
8320,53.2,8.6167,PO,125,21,206,0,114,135,206,206
8324,53.15,8.9333,PO,129,0,187,0,129,129,187,187
8326,53.2167,8.8,PO,123,19,201,27,112,131,192,219
8329,53.1833,8.8167,PO,118,23,182,24,103,126,174,198
8334,53.1333,9.5,PO,104,19,177,12,92,111,170,182
8336,53.1667,9.6667,PO,118,10,178,25,114,124,170,195
8342,53.1167,9.4167,PO,129,10,197,24,123,133,182,206
8348,53.5667,9.5167,PO,106,26,175,21,92,118,162,183
8350,53.4,9.5,PO,111,26,180,10,97,123,175,185
8352,53.6833,9.4333,PO,122,0,196,0,122,122,196,196
8353,53.6667,9.3833,PO,132,21,188,39,123,144,171,210
8354,53.45,9.3833,PO,105,19,196,37,93,112,176,213
8355,53.4667,9.7,PO,119,23,193,24,108,131,179,203
8361,53.6167,9.3167,PO,120,11,198,35,114,125,183,218
8362,53.4167,9.4667,PO,115,0,199,0,115,115,199,199
8363,53.7167,9.2833,PO,118,24,182,36,105,129,170,206
8365,53.4833,9.3333,PO,104,18,199,35,96,114,180,215
8368,53.8,9.25,PO,123,10,198,25,119,129,187,212
8370,53.3667,9.6,PO,118,43,207,18,94,137,198,216
8371,53.6,9.4833,PO,114,19,180,12,101,120,174,186
8373,53.0167,9.05,PO,103,16,178,16,94,110,171,187
8376,52.8833,9.3167,PO,114,20,175,14,103,123,167,181
8380,52.9333,9.1833,PO,109,31,187,22,89,120,178,200
8381,52.9,9.2333,PO,102,0,183,15,102,102,177,192
8382,53.6283,8.8324,PO,109,26,182,20,92,118,170,190
8383,53.4333,8.8167,PO,120,9,178,22,116,125,171,193
8388,53.4333,8.6167,PO,110,24,178,30,96,120,160,190
8389,53.5333,8.8833,PO,105,0,170,3,105,105,168,171
8390,53.7167,8.7167,PO,117,38,193,28,95,133,179,207
8392,53.4167,8.5833,PO,123,23,199,28,111,134,186,214
8393,53.45,8.6167,PO,111,0,167,11,111,111,161,172
8397,53.65,8.5167,PO,128,1,193,0,127,128,193,193
8399,52.3167,8.05,PO,118,15,186,25,110,125,174,199
8407,52.85,7.6667,PO,110,25,189,5,93,118,186,191
8409,52.5333,7.8667,PO,113,12,184,11,104,116,180,191
8411,52.55,7.95,PO,106,20,185,28,95,115,170,198
8412,52.5833,7.7333,PO,106,9,190,10,101,110,185,195
8414,52.5167,7.6833,PO,122,1,173,8,121,122,169,177
8416,52.6667,7.95,PO,114,28,185,10,99,127,181,191
8418,52.4,7.85,PO,119,0,189,2,119,119,188,190
8424,52.6,6.85,PO,119,18,178,4,111,129,176,180
8425,52.6333,6.7667,PO,114,17,180,54,103,120,163,217
8438,52.6,7.4333,PO,112,3,185,39,111,114,163,202
8439,52.4833,7.55,PO,102,0,178,0,102,102,178,178
8447,52.2,8.35,PO,118,0,199,0,118,118,199,199
8452,52.7667,7.5,PO,112,21,188,10,101,122,183,193
8455,52.6667,7.4833,PO,112,1,186,14,112,113,182,196
8456,52.7,7.3,PO,113,10,191,23,108,118,177,200
8459,52.25,7.95,PO,116,22,198,33,105,127,180,213
8460,52.2,8.05,PO,116,20,197,39,105,125,180,219
8463,52.2333,7.9667,PO,132,13,194,26,127,140,176,202
8466,52.1,8.0833,PO,126,12,190,30,122,134,175,205
8467,52.3167,8.0333,PO,113,14,216,20,104,118,205,225
8468,52.2,8.0667,PO,129,22,187,17,114,136,179,196
8469,52.2333,8,PO,124,3,213,0,122,125,213,213
8471,52.0833,7.9333,PO,121,17,176,39,113,130,151,190
8473,52.25,8.1167,PO,113,44,177,19,94,138,170,189
8474,52.1167,8.05,PO,126,6,206,0,123,129,206,206
8475,52.2833,8.4167,PO,126,13,197,17,119,132,189,206
8477,52.3167,8.3667,PO,117,19,188,26,108,127,180,206
8482,53.35,7.1833,PO,117,35,188,47,93,128,162,209
8483,53.4667,7.4833,PO,123,4,200,26,121,125,187,213
8487,53.4667,7.4333,PO,112,17,188,33,101,118,175,208
8492,53.4,7.3333,PO,117,13,198,19,109,122,187,206
8495,53.4667,7.35,PO,119,14,208,33,111,125,184,217
8496,53.3833,7.5333,PO,126,6,191,35,123,129,170,205
8497,53.4667,7.5167,PO,112,3,184,21,111,114,175,196
8498,53.4167,7.7333,PO,124,12,175,7,116,128,172,179
8499,53.5796,6.6664,PO,114,17,198,1,108,125,197,198
8505,53.1667,7.45,PO,109,12,186,14,101,113,179,193
8506,53.2167,7.45,PO,125,26,188,32,114,140,171,203
8511,53.2833,7.4333,PO,125,17,194,21,116,133,187,208
8518,53.45,7.0667,PO,116,16,180,31,106,122,167,198
8520,53.6167,7.3,PO,128,11,210,17,123,134,199,216
8522,53.55,7.3,PO,115,18,186,35,106,124,164,199
8527,53.5333,7.2833,PO,119,2,178,13,118,120,172,185
8529,53.6,7.15,PO,128,19,190,14,117,136,184,198
8530,53.35,7.1167,PO,114,20,193,49,99,119,176,225
8531,53.5333,7.7,PO,107,8,185,10,104,112,180,190
8532,53.6333,7.8167,PO,119,10,197,30,114,124,182,212
8534,53.6,7.6333,PO,119,10,179,36,114,124,161,197
8535,53.65,7.6167,PO,119,19,191,36,109,128,183,219
8539,53.7,7.7,PO,115,19,186,16,106,125,176,192
8542,53.6167,7.4667,PO,122,9,181,10,117,126,175,185
8545,53.5833,7.7667,PO,128,20,178,3,114,134,177,180
8557,52.2833,10.6167,PO,117,23,194,20,103,126,185,205
8558,52.9667,9.0167,PO,123,16,185,45,116,132,162,207
8559,52.2167,10.3667,PO,120,32,186,10,106,138,180,190
8565,51.95,10.2167,PO,125,17,190,27,117,134,177,204
8566,51.9833,10.2667,PO,117,0,190,0,117,117,190,190
8569,51.8833,10.1667,PO,118,10,169,6,114,124,166,172
8570,51.7833,10.2167,PO,124,13,193,23,117,130,179,202
8573,51.9667,10.35,PO,123,9,192,12,117,126,188,200
8576,52.0167,10.4333,PO,120,21,184,22,109,130,173,195
8577,52.0167,10.4,PO,123,36,198,21,101,137,184,205
8584,52.3667,10.9333,PO,122,20,201,29,112,132,188,217
8585,52.2333,11.0167,PO,110,23,191,0,99,122,191,191
8594,52.2833,10.75,PO,122,15,188,17,113,128,179,196
8595,52.15,10.95,PO,113,21,183,31,103,124,173,204
8598,52.4333,10.85,PO,102,18,176,15,92,110,170,185
8599,52.1833,10.9333,PO,130,20,183,15,120,140,174,189
8602,52.15,10.4667,PO,121,21,204,7,106,127,201,208
8605,51.8833,10.55,PO,125,7,194,3,122,129,193,196
8606,52.1833,10.7167,PO,116,40,188,25,92,132,175,200
8607,52.1,10.6333,PO,124,15,189,13,117,132,183,196
8608,52.1667,10.5167,PO,112,35,183,10,94,129,176,186
8609,52.1333,10.7,PO,106,44,178,18,79,123,170,188
8611,52.1167,10.7167,PO,121,30,197,41,102,132,172,213
8614,52.1667,10.55,PO,124,13,182,9,116,129,176,185
8616,53.15,8.2,PO,119,9,202,23,114,123,190,213
8621,53.25,8.2,PO,138,2,218,0,137,139,218,218
8631,53.2,7.9833,PO,127,9,184,30,122,131,172,202
8635,53,7.95,PO,88,5,178,1,86,91,178,179
8636,52.8167,8.1167,PO,120,34,194,34,102,136,178,212
8639,52.7167,7.9333,PO,116,14,208,18,108,122,199,217
8640,53.0333,7.8667,PO,118,6,184,12,115,121,178,190
8647,53.0167,7.7667,PO,116,38,200,26,95,133,183,209
8648,53.0833,7.6833,PO,115,0,178,0,115,115,178,178
8652,53.6833,7.9333,PO,120,30,194,10,104,134,190,200
8653,53.5833,7.9,PO,131,8,203,14,126,134,197,211
8660,53.5333,7.9333,PO,127,13,201,34,122,135,181,215
8664,53.3833,8.05,PO,116,21,175,35,102,123,156,191
8665,53.3833,8.1,PO,121,13,187,29,114,127,171,200
8668,53.05,8.5333,PO,119,19,173,22,108,127,166,188
8671,52.9833,8.2833,PO,111,0,178,0,111,111,178,178
8672,52.95,8.2167,PO,117,33,186,9,103,136,182,191
8673,53.05,8.2667,PO,116,29,190,43,101,130,166,209
8674,53.1167,8.45,PO,125,0,182,0,125,125,182,182
8675,53.0667,8.1667,PO,125,60,200,38,79,139,184,222
8676,52.9,8.4333,PO,118,8,174,2,113,121,173,175
8680,52.65,8.1167,PO,114,34,175,30,100,134,153,183
8683,52.6667,8.2333,PO,121,31,182,9,109,140,177,186
8685,52.7333,8.2833,PO,108,30,172,21,93,123,160,181
8689,53.1833,8.4833,PO,121,15,189,14,114,129,182,196
8701,53.35,8.4167,PO,124,15,183,27,114,129,173,200
8705,53.1,8.8667,PO,124,31,185,37,105,136,163,200
8710,53.1333,8.9167,PO,124,18,204,33,113,131,186,219
8724,51.2,6.45,PO,99,31,161,21,85,116,151,172
8728,51.15,6.45,PO,104,41,190,16,88,129,184,200
8729,51.2,7.0667,PO,128,12,193,2,122,134,192,194
8733,51.25,6.4,PO,86,4,172,30,84,88,161,191
8736,51.25,7.1167,PO,120,13,186,24,114,127,172,196
8739,51.35,7.1167,PO,122,24,180,0,114,138,180,180
8752,51.15,6.6667,PO,105,39,177,18,89,128,167,185
8754,51.1,6.5,PO,113,26,186,21,103,129,172,193
8756,51.3667,6.4167,PO,105,19,199,6,93,112,196,202
8761,51.3333,6.35,PO,98,25,169,5,85,110,166,171
8764,51.25,6.4833,PO,93,26,182,42,81,107,163,205
8765,51.3833,6.45,PO,99,30,165,12,85,115,160,172
8767,51.2333,6.55,PO,96,24,170,12,82,106,163,175
8770,51.3167,6.7167,PO,97,18,180,5,88,106,178,183
8771,51.8,6.15,PO,108,5,196,3,106,111,195,198
8772,51.7,6.1667,PO,68,0,176,14,68,68,169,183
8775,51.75,6.3833,PO,106,18,180,17,94,112,172,189
8779,51.6667,6.2667,PO,94,22,162,25,86,108,149,174
8780,51.7833,6.45,PO,88,0,171,0,88,88,171,171
8782,51.6833,6.55,PO,112,8,185,15,106,114,180,195
8784,51.7333,6.5,PO,106,3,173,9,104,107,169,178
8796,51.3667,6.7833,PO,110,7,181,4,107,114,179,183
8800,51.4167,6.9667,PO,106,4,192,21,104,108,182,203
8804,51.5333,6.7,PO,104,18,165,8,96,114,160,168
8806,51.35,6.95,PO,114,42,187,29,92,134,175,204
8807,51.5167,6.3167,PO,101,20,182,20,92,112,174,194
8809,51.4833,6.4167,PO,97,32,175,18,80,112,163,181
8810,51.5167,6.4,PO,102,47,170,16,81,128,163,179
8811,51.4,6.3333,PO,92,13,175,6,86,99,172,178
8812,51.4,6.3,PO,100,18,179,11,92,110,172,183
8813,51.6333,6.1833,PO,111,0,177,16,111,111,169,185
8815,51.5833,6.25,PO,109,38,183,21,96,134,178,199
8817,51.45,6.6333,PO,106,25,178,12,92,117,171,183
8818,51.55,6.6,PO,115,20,185,18,107,127,175,193
8819,51.6667,6.45,PO,112,22,192,28,101,123,176,204
8822,51.5833,6.5333,PO,96,37,173,29,78,115,158,187
8823,51.6167,6.5333,PO,97,37,174,37,78,115,158,195
8824,51.65,6.6167,PO,102,28,176,33,86,114,157,190
8831,50.9833,6.9333,PO,115,10,192,20,110,120,184,204
8833,50.85,6.7667,PO,100,23,179,7,89,112,176,183
8836,50.9667,6.75,PO,120,31,171,24,106,137,159,183
8842,50.6667,7.15,PO,112,33,201,24,96,129,189,213
8849,50.6667,6.8,PO,120,16,201,18,113,129,192,210
8851,50.6833,6.6667,PO,111,15,185,0,102,117,185,185
8856,50.7833,6.8167,PO,87,9,168,13,83,92,163,176
8863,50.9167,6.8167,PO,108,20,184,16,101,121,177,193
8869,50.8167,6.95,PO,96,20,170,9,86,106,166,175
8893,50.8833,7.0667,PO,112,22,195,19,103,125,183,202
8896,51.0167,7.3833,PO,136,0,188,23,136,136,177,200
8901,50.9333,7.3167,PO,113,15,180,0,103,118,180,180
8906,51.0667,7.3167,PO,119,17,212,11,112,129,205,216
8912,50.7667,7.45,PO,117,40,180,9,92,132,175,184
8915,50.7333,7.3,PO,110,17,185,22,102,119,171,193
8922,50.6667,7.3,PO,135,0,196,0,135,135,196,196
8928,50.7,7.2,PO,116,26,191,17,100,126,183,200
8932,50.8167,6.2667,PO,122,16,190,0,114,130,190,190
8933,50.8833,6.1,PO,116,0,204,0,116,116,204,204
8936,50.85,6.1667,PO,104,0,181,2,104,104,180,182
8940,50.8,6.4167,PO,119,31,189,17,104,135,180,197
8941,50.7333,6.4833,PO,118,21,193,37,106,127,181,218
8946,50.7333,6.3833,PO,125,7,196,7,122,129,193,200
8947,50.7667,6.6333,PO,115,18,180,17,105,123,176,193
8949,51.0667,6.1833,PO,109,20,184,40,99,119,166,206
8950,51.0333,6.3167,PO,123,5,200,0,121,126,200,200
8951,51.0167,6.2833,PO,93,21,177,31,84,105,160,191
8952,51.0833,6.4167,PO,116,45,177,14,92,137,171,185
8956,50.85,6.3667,PO,114,6,191,18,110,116,182,200
8958,50.8833,6.45,PO,98,19,177,10,87,106,173,183
8959,50.9333,6.4833,PO,99,27,180,0,86,113,180,180
8960,50.9667,6.4167,PO,102,24,174,18,88,112,166,184
8963,50.6,6.3167,PO,126,5,224,14,124,129,217,231
8981,50.55,6.5833,PO,115,30,193,21,97,127,181,202
8983,50.3833,6.55,PO,140,24,220,34,131,155,203,237
8985,50.4833,6.6333,PO,129,14,217,31,123,137,198,229
8989,51.0667,6.1,PO,109,10,185,0,104,114,185,185
8992,50.9833,6,PO,101,21,178,13,90,111,169,182
8994,51.0167,6.05,PO,99,15,171,19,91,106,160,179
8998,51.9667,7.6333,PO,104,1,172,5,104,105,170,175
9004,52.0333,7.1,PO,120,14,188,17,114,128,179,196
9012,51.7,7.8333,PO,114,30,187,9,97,127,183,192
9015,51.8042,8.2049,PO,117,30,199,29,103,133,187,216
9018,51.7667,6.6167,PO,112,21,194,29,101,122,178,207
9020,51.8833,6.6667,PO,108,23,177,15,93,116,171,186
9023,51.9,6.7833,PO,124,12,184,3,118,130,182,185
9024,51.85,6.7,PO,120,21,186,15,111,132,178,193
9028,51.9667,7.3,PO,129,18,208,18,121,139,199,217
9031,51.85,7.2167,PO,111,0,191,0,111,111,191,191
9034,51.9833,7.15,PO,119,4,180,5,117,121,177,182
9035,51.7,7.75,PO,121,26,202,2,106,132,201,203
9040,51.6667,7.4667,PO,121,8,208,21,118,126,199,220
9042,51.7333,7.6667,PO,113,24,178,0,102,126,178,178
9050,51.9333,7.5333,PO,118,7,175,14,115,122,169,183
9052,51.9167,7.8167,PO,116,19,183,7,108,127,179,186
9060,52.0833,7.4833,PO,116,13,178,6,110,123,176,182
9061,52.2,7.3167,PO,118,12,199,10,110,122,194,204
9065,52.1833,7.8667,PO,122,0,185,0,122,122,185,185
9067,52.1667,7.8833,PO,131,0,191,0,131,131,191,191
9071,52.3167,7.8,PO,132,8,185,24,128,136,176,200
9076,52.3333,7.5167,PO,118,24,179,19,106,130,170,189
9080,51.95,7.9833,PO,95,27,179,43,83,110,156,199
9082,51.9167,7.9667,PO,104,0,180,0,104,104,180,180
9083,51.8667,7.9167,PO,111,38,183,39,93,131,162,201
9084,51.9667,8.2333,PO,115,19,184,14,104,123,178,192
9088,51.6167,7.2,PO,120,21,204,11,106,127,199,210
9090,51.6,7.15,PO,90,0,178,5,90,90,176,181
9091,51.6,7.1,PO,112,10,184,10,108,118,179,189
9092,51.6,6.9167,PO,104,31,186,48,89,120,162,210
9097,51.6667,6.95,PO,119,20,204,12,106,126,198,210
9100,51.6333,7.3833,PO,109,10,185,7,103,113,183,190
9109,52.0833,8.5167,PO,109,21,181,27,99,120,170,197
9112,51.6833,8.6,PO,118,22,192,20,101,123,182,202
9113,51.6833,8.5667,PO,120,13,179,23,114,127,171,194
9117,51.9462,8.8856,PO,118,22,186,19,103,125,175,194
9121,51.9,9.1667,PO,125,14,200,19,115,129,191,210
9133,52,8.4167,PO,115,21,186,2,104,125,185,187
9136,52.05,8.4333,PO,120,22,208,15,110,132,200,215
9138,52.2,8.6,PO,112,22,196,19,99,121,184,203
9144,51.7315,9.023,PO,125,0,211,0,125,125,211,211
9147,51.7167,9.1833,PO,131,11,211,25,125,136,194,219
9155,51.8333,9.0667,PO,100,6,178,31,97,103,161,192
9156,51.85,9.2833,PO,122,19,194,41,113,132,174,215
9159,52.0833,8.75,PO,115,15,201,2,105,120,200,202
9161,51.9833,8.6667,PO,113,26,187,8,97,123,182,190
9166,52.1,8.9167,PO,119,24,182,15,104,128,175,190
9169,52.4167,8.6167,PO,108,34,199,38,89,123,184,222
9174,52.25,8.6667,PO,111,0,190,14,111,111,181,195
9178,52.4333,8.6167,PO,72,0,156,3,72,72,155,158
9180,52.3,8.9167,PO,113,12,193,30,106,118,183,213
9183,52.2333,9.0333,PO,122,31,189,26,106,137,175,201
9187,52.25,8.7333,PO,133,13,195,41,123,136,172,213
9196,51.65,8.7333,PO,119,0,201,0,119,119,201,201
9198,51.7333,8.6833,PO,111,33,177,29,89,122,162,191
9199,51.7667,8.6667,PO,111,10,186,11,105,115,180,191
9200,51.7333,8.7167,PO,115,4,184,22,114,118,172,194
9202,51.5833,9.25,PO,113,25,182,7,102,127,179,186
9203,51.5833,9.3,PO,124,11,197,15,117,128,189,204
9209,51.6,9.1333,PO,116,26,179,18,100,126,170,188
9215,51.8833,8.2667,PO,107,19,182,14,99,118,175,189
9219,51.85,8.5,PO,112,24,181,26,98,122,172,198
9220,51.9167,8.5667,PO,121,0,212,0,121,121,212,212
9235,51.4,8.0667,PO,126,13,188,15,119,132,182,197
9243,51.3,8.0333,PO,132,13,216,10,125,138,211,221
9247,51.45,8.35,PO,130,17,216,22,124,141,203,225
9249,51.3333,8.55,PO,121,24,198,17,110,134,191,208
9256,51.2,8.7,PO,133,16,222,35,127,143,198,233
9260,51.45,8.6167,PO,123,23,209,17,107,130,200,217
9269,51.6667,8.35,PO,111,22,177,25,99,121,165,190
9274,51.65,8.2333,PO,113,21,207,7,102,123,204,211
9275,51.6167,8.3333,PO,109,19,179,13,101,120,174,187
9278,51.35,8.3333,PO,113,6,192,12,111,117,188,200
9314,50.9,7.8667,PO,144,3,230,0,143,146,230,230
9315,50.9667,8.1,PO,120,31,229,20,103,134,218,238
9321,51.55,7.9167,PO,110,6,175,0,107,113,175,175
9326,51.5,8.05,PO,118,0,182,12,118,118,176,188
9329,51.65,8.1333,PO,115,11,191,10,110,121,188,198
9330,51.6333,8.1,PO,120,6,202,5,117,123,200,205
9356,51.65,7.4833,PO,113,30,177,21,95,125,169,190
9358,51.4667,7.3667,PO,113,29,201,32,97,126,185,217
9363,51.4189,7.425,PO,110,24,172,28,99,123,155,183
9366,51.3667,7.25,PO,125,10,209,4,119,129,207,211
9369,51.4167,7.1167,PO,118,11,183,10,115,126,179,189
9375,51.5333,7.6833,PO,124,8,194,7,120,128,190,197
9376,51.6,7.7667,PO,119,20,196,14,109,129,187,201
9379,51.5833,7.8833,PO,121,0,206,9,121,121,201,210
9381,51.6333,7.9333,PO,112,25,176,8,100,125,172,180
9382,51.65,7.8667,PO,114,19,190,12,107,126,182,194
9385,50.0852,8.7821,PO,128,15,218,0,120,135,218,218
9392,50.6167,9.1167,PO,126,6,208,18,123,129,201,219
9400,49.6667,8.55,PO,98,30,177,25,82,112,163,188
9405,49.6061,8.4541,PO,106,4,185,19,104,108,172,191
9414,50.3333,9.0667,PO,97,0,198,0,97,97,198,198
9415,50.3667,9.0333,PO,126,20,199,31,115,135,183,214
9419,50.4167,9,PO,119,36,197,18,96,132,188,206
9429,49.8,8.6,PO,90,3,177,12,89,92,171,183
9430,49.8667,8.7667,PO,103,48,176,17,73,121,171,188
9434,49.7667,8.8833,PO,136,0,200,9,136,136,196,205
9442,49.9,9.0333,PO,102,14,172,5,95,109,169,174
9460,49.7167,8.8667,PO,125,0,190,0,125,125,190,190
9466,50.2833,8.85,PO,107,41,186,22,92,133,171,193
9469,50.2333,8.7667,PO,101,26,181,29,87,113,166,195
9470,50.2333,8.8667,PO,96,0,195,0,96,96,195,195
9476,50.2667,8.7,PO,108,40,180,26,86,126,172,198
9477,50.1833,8.7333,PO,106,31,183,25,87,118,170,195
9480,50.5833,8.75,PO,127,17,194,16,119,136,190,206
9497,49.8333,8.4667,PO,100,31,178,21,81,112,166,187
9500,49.9167,8.4833,PO,88,14,173,13,79,93,168,181
9509,50.5333,9.3333,PO,134,8,225,24,131,139,213,237
9530,50.1167,8.9167,PO,123,0,207,0,123,123,207,207
9531,50.55,9.6667,PO,134,6,236,0,131,137,236,236
9534,50.8167,8.7833,PO,130,14,187,24,125,139,175,199
9540,51.2,10.0667,PO,126,0,197,0,126,126,197,197
9547,51.2167,8.9833,PO,127,13,196,21,120,133,184,205
9550,50.9833,8.7333,PO,125,0,187,0,125,125,187,187
9558,51.1667,8.9,PO,121,28,204,27,108,136,195,222
9570,50.9333,9.55,PO,131,13,198,25,123,136,184,209
9582,50.5,9.5667,PO,128,9,218,30,124,133,205,235
9583,50.5833,9.65,PO,125,28,211,4,109,137,209,213
9585,50.5833,10.0167,PO,128,6,227,12,125,131,222,234
9593,50.5667,9.7667,PO,130,9,212,24,125,134,204,228
9603,50.5333,9.65,PO,125,33,187,21,104,137,177,198
9604,50.6333,10.0167,PO,131,14,207,50,123,137,190,240
9607,50.5,10.0167,PO,132,9,244,1,128,137,244,245
9618,51.45,9.4167,PO,124,6,212,23,122,128,200,223
9621,51.4,9.4667,PO,125,4,206,18,123,127,198,216
9623,51.4333,9.4833,PO,137,2,210,3,136,138,208,211
9629,51.5,9.6,PO,118,11,183,0,112,123,183,183
9643,50.7833,9.8667,PO,118,0,204,0,118,118,204,204
9645,51.2667,9.3833,PO,109,0,181,0,109,109,181,181
9646,51.2833,9.6,PO,117,26,210,32,104,130,193,225
9648,51.3167,9.55,PO,116,48,181,27,95,143,166,193
9652,51.2667,9.4167,PO,124,5,222,19,122,127,212,231
9660,50.8833,8.7667,PO,125,7,194,13,122,129,188,201
9683,51.1333,9.4,PO,116,0,207,22,116,116,196,218
9685,51.1333,9.5333,PO,124,13,200,26,115,128,184,210
9691,51.0333,9.9,PO,126,12,225,9,122,134,221,230
9698,51.0167,9.9333,PO,132,0,244,0,132,132,244,244
9714,51.15,9.15,PO,113,17,179,13,103,120,172,185
9715,51.05,9.0667,PO,130,0,240,0,130,130,240,240
9717,51.1667,9.1333,PO,122,14,234,0,114,128,234,234
9722,51.1333,9.0167,PO,148,0,194,0,148,148,194,194
9725,51.15,9.05,PO,112,16,193,0,103,119,193,193
9726,51.2833,8.8667,PO,132,19,215,15,123,142,209,224
9732,51.4667,9.0167,PO,127,20,202,36,114,134,184,220
9734,51.25,9,PO,122,29,199,25,104,133,191,216
9737,51.3333,8.9667,PO,128,9,208,42,124,133,185,227
9764,51.45,9.25,PO,117,23,184,26,104,127,168,194
9766,51.3333,9.1667,PO,116,14,189,6,111,125,186,192
9768,51.241,9.2629,PO,129,19,214,35,123,142,197,232
9769,50.95,9.2167,PO,124,15,203,13,115,130,198,211
9776,50.8667,9.35,PO,123,15,206,21,115,130,199,220
9784,50.9167,9.25,PO,126,8,196,20,122,130,185,205
9793,50.1,8.3,PO,122,30,202,18,104,134,196,214
9832,50.2167,9.2667,PO,119,0,211,0,119,119,211,211
9833,50.15,8.75,PO,106,21,193,27,93,114,183,210
9837,50.1667,8.9833,PO,119,32,187,29,102,134,175,204
9842,50.45,8.0333,PO,115,16,183,20,108,124,175,195
9845,50.3167,8.15,PO,110,8,182,9,106,114,178,187
9846,50.3833,8.05,PO,115,38,190,38,92,130,175,213
9857,50.1,8.4,PO,118,42,182,43,94,136,160,203
9859,50.1667,8.3167,PO,124,0,197,0,124,124,197,197
9862,50.4,8.2167,PO,112,12,192,25,105,117,178,203
9867,50.2,8.5833,PO,113,38,185,21,94,132,180,201
9871,50.0333,8.0667,PO,111,20,188,30,101,121,176,206
9876,50.05,8.15,PO,130,12,189,29,124,136,172,201
9886,50.3167,9.4667,PO,125,14,228,7,118,132,225,232
9901,50.3,8.5167,PO,115,0,207,28,115,115,194,222
9913,50.5167,8.3833,PO,131,21,189,19,116,137,179,198
9921,50.55,8.35,PO,121,24,192,11,108,132,185,196
9928,50.5833,8.55,PO,125,6,206,23,122,128,193,216
9933,50.55,7.1,PO,118,26,179,31,106,132,162,193
9939,50.5,6.9333,PO,117,21,195,10,105,126,189,199
9943,50.5,7.15,PO,131,13,208,35,123,136,195,230
9945,50.6,7.1833,PO,105,30,195,30,94,124,180,210
9956,50.7167,7.9833,PO,140,0,224,19,140,140,215,234
9957,50.65,7.5333,PO,124,19,211,41,112,131,193,234
9960,50.7667,7.6667,PO,132,5,212,10,129,134,207,217
9968,49.6333,7.2833,PO,124,17,206,0,116,133,206,206
9975,49.75,7.3,PO,118,30,206,25,104,134,192,217
9986,50.3667,7.5167,PO,96,22,176,10,87,109,173,183
10001,50.4333,7.4,PO,116,24,191,14,102,126,185,199
10010,50.3,7.1667,PO,111,31,192,26,95,126,180,206
10015,50.3333,7.3167,PO,103,4,185,15,101,105,180,195
10018,50.5,7.3333,PO,128,22,184,3,117,139,182,185
10031,50.1667,7.55,PO,113,20,192,17,102,122,185,202
10035,49.8667,7.5167,PO,121,26,211,14,104,130,204,218
10039,50.0833,7.4333,PO,131,0,231,2,131,131,230,232
10051,49.85,7.1167,PO,128,0,204,18,128,128,195,213
10063,49.7333,7,PO,134,0,215,0,134,134,215,215
10068,50.0167,6.2833,PO,142,11,196,9,137,148,192,201
10074,49.9667,6.4167,PO,122,28,202,31,108,136,189,220
10084,50.3,6.7,PO,132,7,222,43,128,135,198,241
10091,50.2833,6.6333,PO,128,11,204,30,121,132,188,218
10093,50.2,6.4167,PO,121,30,224,35,104,134,210,245
10096,50.0833,6.2667,PO,115,15,240,18,109,124,232,250
10100,50.2333,6.4667,PO,132,12,227,9,125,137,221,230
10102,50.35,6.4167,PO,140,0,239,0,140,140,239,239
10107,49.6833,6.55,PO,125,38,194,44,99,137,176,220
10108,49.7,6.5833,PO,133,3,212,12,131,134,206,218
10114,49.85,6.6333,PO,130,35,214,24,106,141,199,223
10122,49.8,6.7167,PO,128,0,200,6,128,128,197,203
10125,49.7333,6.6833,PO,108,17,183,15,101,118,175,190
10130,49.9833,6.8833,PO,130,15,191,21,122,137,183,204
10132,49.9667,6.7,PO,115,25,220,48,103,128,198,246
10133,49.9833,6.7667,PO,129,17,206,24,120,137,196,220
10139,50.6667,7.8167,PO,121,35,197,17,103,138,190,207
10140,50.5167,7.9167,PO,126,0,209,0,126,126,209,209
10141,50.6833,7.75,PO,125,0,178,0,125,125,178,178
10147,50.5667,7.9667,PO,116,23,197,18,103,126,189,207
10148,50.2333,7.8667,PO,126,17,204,17,120,137,192,209
10149,50.1333,7.75,PO,110,16,182,46,102,118,167,213
10153,50.2,7.8667,PO,124,18,202,17,118,136,195,212
10155,50.3,7.6,PO,125,22,196,10,114,136,191,201
10160,50.3,7.8,PO,122,10,191,33,117,127,174,207
10167,50.5667,7.8333,PO,118,23,198,20,103,126,190,210
10172,50.4833,7.7667,PO,131,2,190,8,130,132,186,194
10176,49.6333,8.3667,PO,89,19,170,12,81,100,165,177
10182,49.7833,8.2,PO,125,15,191,19,115,130,181,200
10190,49.8667,8,PO,124,5,183,0,122,127,183,183
10192,49.9667,8.2,PO,112,0,181,0,112,112,181,181
10196,49.85,8.35,PO,120,9,184,12,115,124,178,190
10199,49.6667,8.2333,PO,106,9,174,2,101,110,173,175
10213,49.1,8,PO,108,0,180,0,108,108,180,180
10215,49.1667,7.8833,PO,121,13,188,3,115,128,187,190
10218,49.5833,8.1667,PO,88,0,163,26,88,88,146,172
10220,49.5667,8.25,PO,86,30,163,24,69,99,151,175
10236,49.4667,7.5667,PO,126,17,225,7,122,139,220,227
10242,49.65,8.1,PO,122,0,200,5,122,122,198,203
10253,49.4,7.4333,PO,125,19,232,0,115,134,232,232
10261,49.2667,8.2167,PO,111,0,178,0,111,111,178,178
10267,49.3833,8.3,PO,92,5,180,1,90,95,179,180
10268,49.4571,8.2892,PO,99,7,179,22,95,102,170,192
10269,49.4167,8.4,PO,88,16,160,20,80,96,149,169
10270,49.4667,8.1333,PO,107,19,183,20,94,113,175,195
10272,49.4167,8.1833,PO,102,26,192,0,86,112,192,192
10274,49.3,8.2333,PO,94,39,182,6,75,114,179,185
10279,49.4,8.2,PO,100,22,178,22,88,110,164,186
10285,49.2167,7.5667,PO,130,0,201,0,130,130,201,201
10288,49.2939,7.6128,PO,130,14,209,17,124,138,202,219
10299,49.6333,7.9,PO,120,63,195,16,79,142,186,202
10303,49.3,8.35,PO,97,24,171,32,87,111,155,187
10311,49.2833,7.4333,PO,124,7,198,6,120,127,194,200
10313,49.2167,7.3667,PO,112,46,207,45,84,130,175,220
10331,48.8833,9.9667,PO,124,6,208,35,122,128,190,225
10338,48.9333,9.3667,PO,111,28,194,18,92,120,186,204
10349,48.5167,8.8333,PO,111,26,195,30,104,130,180,210
10350,48.6,8.8667,PO,112,12,183,1,106,118,183,184
10358,49.1833,10.15,PO,130,29,240,4,112,141,238,242
10372,48.7167,9.4167,PO,130,10,192,0,126,136,192,192
10373,48.7244,9.2468,PO,111,31,186,32,92,123,169,201
10403,49.0833,9.1,PO,100,28,175,12,85,113,171,183
10406,49.0833,9.15,PO,94,31,174,11,80,111,169,180
10416,49.3833,9.7,PO,95,0,195,32,95,95,177,209
10421,48.8167,8.8667,PO,113,36,185,38,94,130,164,202
10424,48.8,9.0167,PO,98,1,188,15,98,99,179,194
10427,48.7667,8.9333,PO,116,34,196,30,97,131,183,213
10430,49,9.1333,PO,96,34,179,29,74,108,160,189
10437,48.9,9.1833,PO,99,30,178,8,81,111,174,182
10439,48.9,9.0833,PO,95,30,180,24,79,109,172,196
10442,49.5167,9.75,PO,120,26,203,23,104,130,192,215
10465,49.2833,9.5667,PO,118,3,195,0,117,120,195,195
10470,49.15,9.6167,PO,128,0,229,0,128,128,229,229
10474,48.8,9.9333,PO,125,2,240,0,124,126,240,240
10478,48.7833,9.8,PO,128,6,188,10,124,130,182,192
10482,49.0833,9.5667,PO,129,0,240,0,129,129,240,240
10511,48.8833,9.35,PO,96,11,195,0,90,101,195,195
10512,48.8333,9.3167,PO,110,24,176,15,96,120,171,186
10525,49.1333,8.5833,PO,121,13,198,18,113,126,191,209
10526,49.1,8.65,PO,128,8,202,24,124,132,190,214
10532,49.1833,8.75,PO,116,14,182,8,110,124,178,186
10536,49.2167,8.5167,PO,105,10,183,7,100,110,180,187
10537,49.1833,8.6833,PO,102,31,184,20,81,112,174,194
10542,49.5333,9.3167,PO,118,9,195,9,115,124,190,199
10561,49.3833,8.8,PO,101,21,166,0,94,115,166,166
10563,49.25,8.7,PO,121,0,168,0,121,121,168,168
10564,49.2667,8.75,PO,133,12,208,30,128,140,191,221
10565,49.3833,8.8833,PO,118,26,185,23,104,130,172,195
10568,49.0667,8.4667,PO,106,18,179,26,95,113,169,195
10576,49.0167,8.5,PO,115,15,184,41,107,122,160,201
10577,49.1167,8.4167,PO,98,20,169,19,90,110,159,178
10578,48.9667,8.3,PO,124,10,204,3,120,130,203,206
10579,48.95,8.5333,PO,126,4,193,0,124,128,193,193
10580,48.9833,8.5333,PO,109,41,193,27,85,126,177,204
10581,49.05,8.5333,PO,140,0,209,0,140,140,209,209
10582,49.0167,8.6,PO,116,3,207,6,115,118,204,210
10585,49.6,8.65,PO,99,24,181,0,87,111,181,181
10587,49.4667,8.6167,PO,116,17,188,36,107,124,172,208
10592,49.3833,8.5667,PO,107,47,185,64,83,130,148,212
10614,49.1833,8.8167,PO,101,21,161,7,88,109,159,166
10621,49.2167,9,PO,125,18,181,0,116,134,181,181
10623,49.2333,8.7833,PO,111,0,205,0,111,111,205,205
10628,49.2167,8.9167,PO,122,0,195,0,122,122,195,195
10629,49.25,8.8833,PO,130,1,200,13,130,131,194,207
10631,49.1,8.85,PO,123,35,197,50,101,136,175,225
10634,49.75,9.3167,PO,114,15,183,21,105,120,175,196
10647,47.9833,7.9,PO,110,0,201,0,110,110,201,201
10651,48.7,8.1333,PO,115,30,198,20,100,130,190,210
10652,48.7167,8.1667,PO,109,42,192,20,90,132,181,201
10658,47.9,8.4333,PO,125,0,228,16,125,125,220,236
10667,48.1333,7.7333,PO,109,10,182,21,104,114,175,196
10672,48.1333,7.7,PO,98,56,182,26,69,125,173,199
10679,48.1667,7.65,PO,114,32,184,16,102,134,176,192
10683,48.0167,7.6833,PO,92,37,159,32,69,106,145,177
10705,47.7667,8.8333,PO,108,0,194,0,108,108,194,194
10708,48.3333,7.8833,PO,119,37,186,19,97,134,181,200
10709,48.2833,7.8167,PO,109,12,175,10,103,115,170,180
10723,47.65,7.8333,PO,122,0,190,9,122,122,185,194
10725,47.6,7.6333,PO,96,28,176,19,80,108,166,185
10728,47.7167,7.55,PO,122,0,180,16,122,122,172,188
10729,47.8667,7.6,PO,86,27,159,30,68,95,141,171
10750,48.5167,8.1167,PO,120,7,212,20,117,124,200,220
10751,48.5333,8.0833,PO,112,23,176,7,97,120,172,179
10753,48.4833,8.1667,PO,121,19,206,14,115,134,198,212
10789,47.7667,9.1667,PO,119,39,214,32,91,130,198,230
10796,48.0667,8.4667,PO,123,0,235,20,123,123,223,243
10804,47.6167,8.3167,PO,117,47,188,41,90,137,167,208
10824,48.2,9.7667,PO,125,22,200,16,118,140,192,208
10826,48.0667,9.95,PO,125,18,207,47,114,132,185,232
10827,48.2167,9.95,PO,127,12,225,0,122,134,225,225
10836,48.65,8.7833,PO,120,24,192,36,106,130,179,215
10848,48.2833,9.7167,PO,127,10,200,12,123,133,193,205
10859,48.4167,8.4667,PO,135,2,244,0,134,136,244,244
10860,48.5333,8.5667,PO,128,27,245,0,112,139,245,245
10865,48.3167,9.0667,PO,124,0,209,50,124,124,183,233
10869,48.45,8.6833,PO,124,10,216,43,120,130,196,239
10887,47.9333,9.75,PO,123,13,192,20,116,129,180,200
10891,48.4,9.2,PO,133,11,222,2,129,140,221,223
10894,48.5333,9.2,PO,111,21,202,1,97,118,202,203
10903,48.1667,8.6333,PO,128,19,222,31,117,136,211,242
10906,47.9333,9.55,PO,125,14,211,12,116,130,205,217
10919,48.0667,9.1833,PO,122,4,209,13,120,124,201,214
10920,48.0167,9.25,PO,127,24,211,25,116,140,200,225
10925,48.1833,9.2167,PO,126,16,207,17,120,136,199,216
10935,48.4667,8.9333,PO,112,31,194,51,92,123,164,215
10942,47.9835,8.8358,PO,115,9,216,34,112,121,198,232
10951,47.7333,12.8833,PO,103,18,200,26,94,112,190,216
10952,48.4,11.75,PO,123,11,198,12,117,128,192,204
10968,48.5833,11.0833,PO,105,21,184,27,93,114,170,197
10969,48.4,11.2,PO,111,35,189,42,88,123,161,203
10970,48.2333,12.6833,PO,119,8,189,17,115,123,181,198
10976,48.2667,12.65,PO,117,15,182,7,112,127,179,186
10983,47.85,12.0667,PO,101,32,191,28,90,122,180,208
11000,48.1667,12,PO,120,0,205,6,120,120,202,208
11002,48.2,11.8667,PO,119,0,216,0,119,119,216,216
11009,48.3167,11.9167,PO,108,35,186,36,85,120,168,204
11024,47.6,11.1833,PO,132,7,177,0,129,136,177,177
11027,47.5,11.2833,PO,134,0,239,0,134,134,239,239
11030,48.8167,11.4667,PO,105,25,188,28,93,118,174,202
11049,47.9333,12.9333,PO,128,4,199,11,126,130,192,203
11081,48.6833,11.6167,PO,115,27,206,29,101,128,185,214
11088,47.75,12.1167,PO,124,18,197,21,117,135,186,207
11095,47.7333,10.7833,PO,110,9,212,3,105,114,210,213
11096,47.85,10.9,PO,141,4,187,12,139,143,181,193
11101,48.6333,11.3167,PO,102,22,184,13,89,111,177,190
11104,48.55,11.3,PO,103,32,184,47,86,118,164,211
11118,47.9,12.5833,PO,132,18,195,16,123,141,187,203
11121,47.85,12.5667,PO,128,0,214,6,128,128,211,217
11154,47.8833,11.0333,PO,127,0,200,11,127,127,195,206
11159,47.9667,11.65,PO,120,0,195,0,120,120,195,195
11163,48.8833,12.6,PO,99,32,170,5,82,114,168,173
11173,48.7833,12.8667,PO,108,25,180,20,92,117,170,190
11174,48.8167,12.8,PO,108,30,183,30,92,122,166,196
11179,48.4167,12.7667,PO,118,32,169,0,101,133,169,169
11191,48.8667,13.4667,PO,132,13,213,34,127,140,192,226
11193,48.85,13.3333,PO,129,14,201,36,120,134,179,215
11199,48.4167,13.2167,PO,127,15,209,0,120,135,209,209
11207,48.8167,11.85,PO,118,25,193,18,106,131,186,204
11210,48.75,11.85,PO,121,5,191,6,118,123,188,194
11214,49.1333,12.7333,PO,127,2,214,8,126,128,210,218
11219,48.7333,12.75,PO,120,6,170,6,117,123,167,173
11228,48.7333,12.3,PO,111,36,172,33,92,128,152,185
11232,48.7333,12.25,PO,118,9,191,34,113,122,176,210
11249,48.4,13,PO,111,0,186,0,111,111,186,186
11257,48.8167,12.05,PO,125,37,194,44,110,147,172,216
11263,48.9167,12.6,PO,112,19,178,0,102,121,178,178
11268,48.3833,12.3167,PO,134,9,199,23,129,138,188,211
11294,48.7833,13.45,PO,116,0,200,0,116,116,200,200
11295,48.75,13.5167,PO,129,4,201,4,127,131,199,203
11305,49.3333,12.1167,PO,119,23,189,22,104,127,179,201
11309,49.5333,11.8,PO,129,30,204,17,110,140,195,212
11314,49.6,11.75,PO,127,14,210,19,122,136,203,222
11321,49.1167,11.45,PO,123,21,196,12,111,132,190,202
11325,49.2,12.0333,PO,114,0,197,10,114,114,192,202
11333,49.3167,12.85,PO,138,0,212,0,138,138,212,212
11334,49.2167,12.7667,PO,115,23,192,27,104,127,179,206
11345,49.95,12.0333,PO,129,23,226,36,117,140,210,246
11352,49.1667,11.45,PO,104,9,187,2,99,108,186,188
11365,49.7667,12.1,PO,123,23,197,22,108,131,188,210
11374,49.4833,12.3833,PO,129,7,193,0,126,133,193,193
11377,49.1,11.8167,PO,124,6,208,19,122,128,200,219
11379,49.0333,11.9,PO,122,9,178,16,118,127,169,185
11384,49.2167,11.7667,PO,130,9,205,17,126,135,199,216
11385,49.0667,11.8833,PO,138,4,210,0,137,141,210,210
11387,49.1667,11.7167,PO,106,11,189,24,99,110,176,200
11388,49.1167,11.7333,PO,117,35,203,27,93,128,192,219
11400,49.0667,12.0167,PO,105,28,177,11,90,118,170,181
11403,48.9167,12.4333,PO,85,0,172,0,85,85,172,172
11405,49.0333,12.25,PO,125,10,192,45,119,129,173,218
11407,49.15,12.2833,PO,122,8,208,26,117,125,190,216
11415,49.2167,12.5167,PO,124,18,204,14,112,130,198,212
11416,49.2,12.2667,PO,131,0,207,27,131,131,190,217
11417,49.2667,12.5333,PO,132,6,209,8,129,135,204,212
11426,49.4167,11.65,PO,130,9,218,24,125,134,208,232
11433,49.7833,12.3167,PO,130,12,200,5,124,136,198,203
11447,49.65,12.2667,PO,124,0,221,0,124,124,221,221
11448,49.55,12.4167,PO,127,18,226,30,118,136,211,241
11449,49.6167,12.35,PO,128,3,228,43,127,130,213,256
11452,49.4333,12.5833,PO,130,11,223,32,125,136,211,243
11454,49.95,11.5667,PO,114,15,188,6,105,120,185,191
11456,50.2667,10.9667,PO,117,23,198,36,104,127,182,218
11459,50,12.0833,PO,124,6,237,6,121,127,234,240
11466,49.9333,10.85,PO,104,23,173,7,92,115,170,177
11477,49.7833,10.7,PO,129,0,202,1,129,129,202,203
11479,49.8667,11,PO,118,7,199,0,113,120,199,199
11482,49.9667,11,PO,114,10,185,17,110,120,174,191
11486,49.9333,11.6167,PO,118,35,203,28,101,136,187,215
11487,50.05,11.6667,PO,133,17,215,0,124,141,215,215
11494,50,11.6833,PO,124,7,207,43,122,129,190,233
11508,50.2667,11.15,PO,126,14,203,29,120,134,192,221
11509,50.2167,11.1333,PO,127,12,201,28,122,134,190,218
11510,50.3333,11.1,PO,123,17,200,30,117,134,186,216
11515,49.7833,11.1833,PO,110,35,183,23,96,131,172,195
11526,49.6333,10.95,PO,117,22,190,20,103,125,180,200
11530,49.75,10.7167,PO,118,0,204,24,118,118,193,217
11562,50.1333,11.25,PO,121,10,214,22,116,126,206,228
11570,50.0667,11.2667,PO,123,11,202,10,118,129,198,208
11571,50.1167,11.15,PO,130,21,204,25,119,140,192,217
11586,50.3167,11.75,PO,129,18,218,24,118,136,202,226
11590,49.7667,11.35,PO,126,22,184,10,115,137,179,189
11591,49.85,11.6,PO,126,8,200,15,122,130,192,207
11599,50.2,12.0833,PO,128,3,202,12,127,130,196,208
11600,50.1833,12.0833,PO,132,7,220,15,129,136,213,228
11609,50.0333,11,PO,128,0,209,0,128,128,209,209
11622,49.3,10.5833,PO,120,20,195,20,109,129,185,205
11631,49.2833,10.8667,PO,134,0,194,0,134,134,194,194
11634,49.3333,10.8,PO,124,7,204,12,121,128,198,210
11645,49.0333,10.6,PO,114,16,201,35,104,120,183,218
11648,48.9167,11.35,PO,111,11,183,9,105,116,179,188
11652,49.5833,11.2,PO,126,10,207,22,122,132,193,215
11655,49.5667,11.1833,PO,114,21,192,27,101,122,184,211
11656,49.55,10.95,PO,114,24,217,4,98,122,215,219
11670,49.5,10.8833,PO,120,19,188,23,109,128,177,200
11675,49.5167,11.4167,PO,128,1,205,20,127,128,195,215
11679,49.25,11.2333,PO,105,0,207,0,105,105,207,207
11689,49.0833,11.2167,PO,128,3,202,2,127,130,201,203
11696,49.4833,10.7167,PO,122,12,210,11,114,126,203,214
11702,49.4,11.4,PO,124,3,202,22,122,125,192,214
11704,49.2833,10.2667,PO,119,14,206,9,113,127,202,211
11709,49.6833,10.3,PO,105,0,200,0,105,105,200,200
11716,49.25,11.0833,PO,132,3,202,3,130,133,201,204
11720,49.6333,10.2333,PO,108,11,198,19,103,114,191,210
11733,48.9,11,PO,126,4,194,1,124,128,193,194
11742,50.05,9.3167,PO,133,2,202,17,132,134,195,212
11747,49.9333,9.0833,PO,127,4,208,14,126,130,203,217
11750,50,9.2,PO,119,47,197,13,87,134,193,206
11760,50.25,10.2,PO,129,13,216,29,121,134,201,230
11767,50.1667,10.1667,PO,118,26,195,14,105,131,188,202
11769,50.3167,10.2167,PO,124,13,218,29,119,132,204,233
11776,50.2833,9.7,PO,124,0,202,0,124,124,202,202
11780,50.2833,9.9167,PO,122,1,212,9,121,122,208,217
11794,50.2,9.6167,PO,128,12,217,21,122,134,205,226
11796,50.1,9.65,PO,128,6,208,14,125,131,204,218
11798,50.1,9.8,PO,120,29,187,23,104,133,178,201
11823,49.95,10.6,PO,126,14,216,57,122,136,185,242
11825,49.9667,10.5667,PO,118,8,227,0,114,122,227,227
11841,50.0167,9.8833,PO,123,15,188,3,115,130,187,190
11845,49.9,9.8167,PO,115,32,192,31,104,136,177,208
11849,49.7167,10.2167,PO,126,7,203,12,123,130,198,210
11853,49.8667,10.1333,PO,99,36,186,28,79,115,173,201
11854,49.85,10.1,PO,112,21,181,15,101,122,175,190
11856,50.3,10.5667,PO,129,19,226,7,117,136,223,230
11860,50.3333,10.35,PO,127,24,196,24,110,134,184,208
11862,50.0667,9.65,PO,130,10,190,8,126,136,186,194
11873,50.4,10.2,PO,119,16,192,11,114,130,186,197
11886,49.7,9.25,PO,113,7,190,20,109,116,182,202
11890,49.8333,9.1333,PO,93,27,187,12,82,109,180,192
11897,49.7,10.0167,PO,109,23,175,7,96,119,172,179
11898,50,10.1833,PO,105,11,182,10,101,112,177,187
11916,49.8333,9.8667,PO,123,10,206,9,119,129,200,209
11918,48.5833,10.5,PO,125,6,220,9,122,128,215,224
11923,48.7333,11.1833,PO,113,30,202,19,95,125,195,214
11927,48.4333,10.8833,PO,116,8,184,10,112,120,180,190
11937,48.6,10.5167,PO,118,0,207,0,118,118,207,207
11944,48.8333,10.85,PO,116,3,197,0,115,118,197,197
11948,48.4167,10.9667,PO,103,24,172,31,87,111,159,190
11950,48.35,10.9833,PO,101,33,185,45,83,116,172,217
11957,48.4333,10.4167,PO,119,28,211,6,102,130,207,213
11959,48.3833,10.5,PO,124,0,210,6,124,124,207,213
11960,48.3667,10.3,PO,105,24,182,29,89,113,169,198
11963,48.4833,10.3667,PO,109,50,193,37,78,128,170,207
11965,48.15,10.25,PO,131,0,197,20,131,131,185,205
11990,48.25,10.3667,PO,122,4,203,4,120,124,201,205
12001,47.9667,10.15,PO,124,18,194,44,116,134,176,220
12004,47.8667,10.2167,PO,145,8,203,0,141,149,203,203
12005,48.0667,10.2833,PO,122,1,217,24,121,122,205,229
12014,48.0667,10.65,PO,125,17,209,20,117,134,200,220
12023,48.3333,10.0667,PO,112,18,207,16,101,119,197,213
12025,48.3,10.15,PO,115,16,190,8,104,120,186,194
12030,48.8167,10.65,PO,117,5,188,3,115,120,186,189
12031,48.7833,10.5333,PO,128,0,210,0,128,128,210,210
12035,48.2667,10.8333,PO,112,28,207,25,94,122,195,220
12036,48.1667,10.8333,PO,113,27,194,38,97,124,180,218
12056,48.5833,10.75,PO,110,25,189,20,96,121,177,197
12063,49.2833,7.2167,PO,114,0,220,0,114,114,220,220
12065,49.1667,7.3167,PO,111,20,188,17,101,121,181,198
12067,49.4167,6.7667,PO,111,38,186,26,92,130,178,204
12069,49.4667,6.7,PO,107,6,224,0,104,110,224,224
12074,49.5333,6.3833,PO,122,0,182,3,122,122,181,184
12077,49.4833,6.8667,PO,123,12,206,21,118,130,198,219
12085,49.4333,6.9667,PO,103,6,188,9,99,105,183,192
12086,49.3833,7.0333,PO,134,0,214,40,134,134,194,234
12090,49.2833,6.8667,PO,111,21,199,53,103,124,171,224
12092,49.2,7.0333,PO,126,33,214,10,104,137,209,219
12094,49.1667,7.05,PO,124,12,191,10,119,131,186,196
12099,49.3167,6.8167,PO,108,13,180,19,101,114,173,192
12102,49.25,6.7,PO,108,8,189,9,104,112,184,193
12103,49.4167,6.9167,PO,125,39,192,32,105,144,180,212
12105,49.4667,6.9,PO,121,0,197,0,121,121,197,197
12109,49.25,6.7667,PO,118,9,201,6,114,123,198,204
12114,49.15,7.2167,PO,131,15,201,18,123,138,191,209
12119,49.4667,7.1667,PO,118,0,210,0,118,118,210,210
12132,52.4477,13.2975,PO,138,3,218,0,136,139,218,218
14671,53.0333,8.6667,PO,119,4,191,32,117,121,175,207
15143,50.8167,7.75,PO,124,1,200,11,124,125,194,205
15474,49.8397,12.0471,PO,132,16,209,43,124,140,179,222
15493,48.0049,7.8482,PO,86,16,170,18,76,92,163,181
15495,50.6827,9.0353,PO,126,0,223,0,126,126,223,223
